country,id,notam_id,fir,from_utc,to_utc,lat,lon,radius_nm,qcode,raw
Alaska,107699365866865440,A173/2026,PAZA,2026-03-13T21:33:00Z,2026-12-31T23:59:00Z,,,,QXXXX,A0173/26 NOTAMN  Q) PAZA/QXXXX//////  A) PAZA  B) 2603132133  C) 2612312359  E) IT IS NO LONGER REQUIRED TO SEND A CPDLC POSITION REPORT TO  CONFIRM CPDLC CDA WHEN ENTERING THE ANCHORAGE ARTCC PAZA FIR. CPDLC  CDA IS CONFIRMED BY THE &quot;SET MAX UPLINK DELAY VALUE TO 300 SEC&quot;  UPLINK AND &quot;ROGER&quot; DOWNLINK MESSAGE EXCHANGE.  F) SFC  G) UNL    CREATED: 13 MAR 2026 21:51  SOURCE: PAZA
Alaska,107681789837280032,A1136/2025,PAZA,2025-09-12T18:00:00Z,2026-09-11T23:59:00Z,,,,QXXXX,"A1136/25 NOTAMN  Q) PAZA/QXXXX////000/999/  A) PAZA  B) 2509121800  C) 2609112359  E) ATTENTION ALL FLIGHT OPERATORS. FLIGHTS THAT EXPERIENCE OR  SUSPECT GNSS INTERFERENCE ENROUTE TO THE ANCHORAGE OCEANIC ENTRY   POINT MUST NOTIFY ANCHORAGE ATC. NOTIFICATION SHOULD BE VIA CPDLC,   SFO RADIO, OR SATCOM, CONFIRMING DEGRADATION OF NAVIGATION STATUS   AND DETAILS OF ONGOING LOSS/IMPACTS TO THE AIRCRAFT SYSTEMS AND  CAPABILITIES.     EXAMPLES OF NOTIFICATION:  GNSS INTERFERENCE RNP10 ONLY  NO DATA LINK  DEGRADED NAVIGATION NO GNSS    IN ADDITION, AIRLINE DISPATCHERS CAN DIRECTLY INFORM THE ANCHORAGE  OCEANIC SUPERVISOR TO MAKE THEM AWARE WHEN ONE OF THEIR FLIGHTS HAS  BEEN IMPACTED BY GNSS INTERFERENCE BY CONTACTING 907-269-1930.  F) SFC  G) UNL    CREATED: 12 SEP 2025 17:23  SOURCE: PAZA"
Angola,107488260439323661,A221/2014,FNAN,2014-08-12T08:00:00Z,,-12.483333333333333,13.483333333333333,5,QFAXX,A0221/14 NOTAMN  Q) FNAN/QFAXX/IV/NBO/A/000/999/1229S01329E005  A) FNCT B) 1408120800 C) PERM  E) AD AVLB FOR ACFT WITH MTOW MORE THAN 23 TONS  DUE TO OPS REASONS  F) SFC G) UNL    CREATED: 22 MAY 2015 20:38  SOURCE: FNLUYNYX
Angola,107505850041676813,A67/2015,FNAN,2015-02-19T14:00:00Z,,-9.983333333333333,14.916666666666666,5,QFACS,A0067/15 NOTAMN  Q) FNAN/QFACS/IV/NBO/A/000/999/0959S01455E005  A) FNCU B) 1502191400 C) PERM  E) AD INSTL WITH FLW CHARACTERISTICS  NAME CALULO  OWNER ANGOLA AIR SERVICES  ALTITUDE 915 METERS  HOURS OF SERVICES HJ  FIRE FIGHTING SERVICES NOT AVLB  TYPE OF TRAFFIC VFR  DISTANCE FM THE CITY 7 KM  F) SFC G) UNL    CREATED: 22 MAY 2015 20:41  SOURCE: FNLUYNYX
Angola,107505850008122381,A65/2015,FNAN,2015-02-19T14:00:00Z,,-9.983333333333333,14.916666666666666,5,QMRCS,A0065/15 NOTAMN  Q) FNAN/QMRCS/IV/NBO/A/000/999/0959S01455E005  A) FNCU B) 1502191400 C) PERM  E) RWY INSTL WITH FLW CHARACTERISTIC  -LENGTH 1200M WIDTH 30M  -DESIGNATION OF RWY NUMBERS 01/19  -TYPE OF PAVIMENT ASPHALT  -PCN 16/F/A/Y/T  -CRITICAL ACFT EMB110  F) SFC G) UNL    CREATED: 22 MAY 2015 20:40  SOURCE: FNLUYNYX
Angola,107505849924236301,A60/2015,FNAN,2015-02-18T14:00:00Z,,-9.966666666666667,14.916666666666666,5,QMNCS,A0060/15 NOTAMN  Q) FNAN/QMNCS/IV/B/A/000/999/0958S01455E005  A) FNCU B) 1502181400 C) PERM  E) APRON INSTL WITH FLW CHARACTERISTIC  -PCN 16/F/A/Y/T  -LENGTH 69M WIDTH 58M  F) SFC G) UNL    CREATED: 22 MAY 2015 20:40  SOURCE: FNLUYNYX
Angola,107505849890681869,A58/2015,FNAN,2015-02-18T14:00:00Z,,-9.966666666666667,14.916666666666666,5,QMXCS,A0058/15 NOTAMN  Q) FNAN/QMXCS/IV/M/A/000/999/0958S01455E005  A) FNCU B) 1502181400 C) PERM  E) TWY INSTL WITH FLW CHARACTERISTIC  -WIDTH 12M  PCN 16/F/A/T  F) SFC G) UNL    CREATED: 22 MAY 2015 20:40  SOURCE: FNLUYNYX
Oman,107699366571489676,A215/2026,OOMM,2026-03-30T07:55:00Z,2026-04-30T23:59:00Z,21.083333333333332,57.6,1,QXXXX,"A0215/26 NOTAMR A0137/26  Q) OOMM/QXXXX/IV/NBO/E/000/999/2105N05736E001  A) OOMM B) 2603300755 C) 2604302359  E) SURVEILLANCE BASED 20 NM LONGITUDINAL SEPARATION MINIMA FOR ALL  TRAFFIC ROUTING VIA PARAR WILL BE APPLIED ON TRIAL BASIS BETWEEN  RNP2/RNP4 COMPLIANT ACFT HAVING FUNCTIONAL ADS B OUT AND RCP240.  AIRCRAFT SHALL INDICATE RNP2/RNP4, CPDLC RCP240, ADS B CAPABILITY IN  FPL.  AIRCRAFT SHOULD INITIATE EARLY LOGON WITH MUMBAI CPDLC ON THE ADDRESS  (VABF) .  F)SFC G) UNL    CREATED: 30 MAR 2026 07:58  SOURCE: OOMSYNYX"
Oman,107699365145426316,A130/2026,OOMM,2026-02-20T17:00:00Z,2026-05-20T03:00:00Z,21.083333333333332,57.6,1,QXXXX,"A0130/26 NOTAMR A0783/25  Q) OOMM/QXXXX/IV/NBO/E/000/999/2105N05736E001  A) OOMM B) 2602201700 C) 2605200300  D) DLY BTN 1700/0300  E) DUE TO HIGH DENSITY TRAFFIC IN MUSCAT FIR CONCENTRATED OVER POINTS  RASKI AND PARAR:  1- TRAFFIC DESTINED FOR VABB, RPLL AND VGHS ARE NOT PERMITTED  TO ROUTE VIA POINT RASKI.  2- TRAFFIC DESTINED FOR WSSS, VTSP AND VTBS ARE NOT PERMITTED TO  ROUTE VIA POINTS RASKI AND PARAR.  OPERATORS ARE REQUESTED TO PLAN ALTERNATIVE ROUTES ACCORDINGLY.  F) SFC G) UNL  CREATED: 20 FEB 2026 07:33  SOURCE: OOMSYNYX"
Oman,107699366722484620,A224/2026,OOMM,2026-04-14T17:00:00Z,2026-07-12T02:30:00Z,21.083333333333332,57.6,,QPFLT,A0224/26 NOTAMN  Q) OOMM/QPFLT/IV/NBO/E/000/999/2105N05736E999  A) OOMM B) 2604141700 C) 2607120230  D) DLY BTN 1700 / 0230  E) FLOW CONTROL MEASURES HAVE BEEN IMPLEMENTED FOR UAE DEPARTURES FROM  1700 TO 0230  UTC:    1) 3 MINUTES LONGITUDINAL SEPARATION BETWEEN ANY TWO SUCCESSIVE  DEPARTURES ENTERING OOMM FIR VIA POSITIONS LABRI OR TARDI (LABRI AND  TARDI SHALL BE CONSIDERED AS TWO POINTS).    NOTES:  1- ALL UAE DEPARTURES LANDING AT OOMS/OOSH/OOSA ARE EXEMPTED FROM  THESE FLOW MEASURES.    2- ALL UAE DEPARTURE VIA MEMTU ARE EXEMPTED FROM THESE FLOW MEASURES.    F) SFC G) UNL    CREATED: 13 APR 2026 16:16  SOURCE: OOMSYNYX
Oman,107699366521158028,A212/2026,OOMM,2026-03-30T04:57:00Z,2026-04-30T23:59:00Z,21.083333333333332,57.6,,QXXXX,A0212/26 NOTAMR A0180/26  Q) OOMM/QXXXX/IV/NBO/E/000/999/2105N05736E999  A) OOMM B) 2603300457 C) 2604302359  E) PILOTS ARE ADVISED TO EXERCISE CAUTION AND USE  ALTERNATIVE MEANS OF NAVIGATION WHEN NECESSARY DUE TO REPORTED GNSS  INTERFERENCE (SPOOFING AND JAMMING) WITHIN MUSCAT FIR. ATC SHOULD BE  INFORMED OF ANY OBSERVED ANOMALIES.  F) SFC G)UNL    CREATED: 30 MAR 2026 04:58  SOURCE: OOMSYNYX
Pakistan,107699365782961521,A168/2026,OPLR,2026-03-26T02:15:00Z,2026-04-30T10:30:00Z,31.583333333333332,71.58333333333333,150,QARLC,"A0168/26 NOTAMN  Q) OPLR/QARLC/IV/NBO/E/000/999/3135N07135E150  A) OPLR  B) 2603260215 C) 2604301030  D) 26 MAR - 30 APR 0215-1030  E) FLW RTE SEGMENTS OF ATS RTE WITHIN LAHORE   FIR NOT AVBL FM GND TO UNL DUE OPR.  ATS RTE              RTE SEGMENT  =======              ===========  A466                 SAKUV-SAJAN  N644                 REGET-DI  P500/M881            LAKRA-DI  J138                 NINUK-ENRIR  J124                 FA-SP  J141                 TULRI-DI  J145                 ZB-DI  J153                 ZB-DI  ALTN ATS RTE (BI-DIRECTIONAL)  ============================  1) SULOM T400 NONIB L509 LAJAK  2) SULOM T400 NONIB L509 HANGU G325 REGET     N644 DOBAT  3) SULOM T400 PS P500 MOTMO  4) MERUN L750 BIROS  5) MERUN L750 ZB G325 REGET N644 DOBAT  6) NINUK J138 ENRIR AND VICE VERSA      (AT FL070 AND BLW)  NOTE:  =====  1. INDEK DCT NONIB MAY BE OFFERED SUBJECT      TO AVBL  2. AIRSPACE 10NM AROUND FA AND AT SOUTH,EAST     AND SOUTHEAST OF FAISALABAD IS AVBL AT     FL070 AND BLW.  F) GND G) UNL    CREATED: 25 MAR 2026 10:21  SOURCE: OPKCYNYX"
Algeria,107699381687386112,A1116/2026,DAAA,2026-04-15T00:01:00Z,2026-04-30T23:59:00Z,32.083333333333336,3.25,233,QWMLW,A1116/26 NOTAMN   Q) DAAA/QWMLW/IV/BO/W/000/999/3205N00315E233  A) DAAA B) 2604150001 C) 2604302359  D) H24  E) FRNG EXER G/A WILL TAKE PLACE WI AREA  PSN:  345925N 0023116E  345925N 0023616E  345425N 0023116E  345425N 0023616E  F) GND G) UNL    CREATED: 08 APR 2026 11:18  SOURCE: DAAAYNYX
Germany,107699914582134486,B111/2026,EDWW,2026-03-07T00:00:00Z,2026-06-04T23:59:00Z,52.21666666666667,14.116666666666667,1,QWOLW,B0111/26 NOTAMN  Q) EDWW/QWOLW/IV/M  /W /000/999/5213N01407E001  A) EDWW B) 2603070000 C) 2606042359  E) LASER ACTIVITIES 0.5NM RADIUS CENTERED ON 521231N 0140718E  LINDENBERG (23.6NM ENE KLASDORF DVOR/DME KLF) .  F) GND G) UNL    CREATED: 02 MAR 2026 10:55  SOURCE: EUECYIYN
Germany,107710358315208439,U14/2026,EDXX,2026-02-23T11:48:00Z,2026-05-22T23:59:00Z,51.38333333333333,10.3,,QAFXX,U0014/26 NOTAMN  Q) EDXX/QAFXX/I /NBO/E /000/999/5123N01018E999  A) EDGG EDMM EDWW B) 2602231148 C) 2605222359  E) GEMIL FLIP MAP  CAUTION: AIR COMBAT OPERATIONS UNLIMITED PROHIBITED AREAS ARE   OBSOLETE:  THE FOLLOWING CHARTS ARE AFFECTED:  ED-R 107 (TRA-ALLGAEU 1) ATS  ED-R 207 (TRA-ALLGAEU 2) ATS  CREATED: 23 FEB 2026 11:48  SOURCE: ETCZYOYX
Germany,107699914783460550,B123/2026,EDGG,2026-04-01T00:00:00Z,2026-06-30T22:00:00Z,52.25,7.983333333333333,1,QWOLW,B0123/26 NOTAMN  Q) EDGG/QWOLW/IV/M  /W /000/999/5215N00759E001  A) EDGG B) 2604010000 C) 2606302200  D) DAILY SS PLUS30 - 2200  E) LASER ACTIVITIES/SKYBEAMER RADIUS 0.5NM CENTERED ON 521511N  0075914E  OSNABRUECK (8.9NM NE MUENSTER/OSNABRUECK NDB MYN)  F) GND G) UNL    CREATED: 04 MAR 2026 08:19  SOURCE: EUECYIYN
Argentina,107710909094888101,V75/2026,SAVF,2026-03-19T00:01:00Z,2026-05-14T23:59:00Z,-54.833333333333336,-68.28333333333333,5,QPIAU,"V0075/26 NOTAMN   Q) SAVF/QPIAU/I/BO/A/000/999/5450S06817W005 A) SAWH B) 2603190001 C) 2605142359  E) [US DOD PROCEDURAL NOTAM] STANDARD INSTRUMENT DEPARTURE (SID) NOT   AUTHORIZED RWY 25 (GRA 1B, KEXOP 1B, ROMIV 1B, SUNLI 1B, UGIRA 1B)   NOT AUTHORIZED AS PUBLISHED IN DOD FLIP  CREATED: 17 MAR 2026 09:28  SOURCE: KCSA"
Argentina,107699387123695749,A1440/2026,SAEF,2026-04-13T17:28:00Z,2026-04-30T21:00:00Z,-39.5,-56.86666666666667,93,QRTCA,"A1440/26 NOTAMR A1187/26  Q) SAEF/QRTCA/IV/BO/W/000/999/3930S05652W093  A) SAEF  B) 2604131728 C) 2604302100  D) DLY 1200-2100  E) TEMPO RESTRICTED AREA ROCKET LAUNCH IN LAGUNA LA MALACARA -BUENO AIRES- COORD GEO 382739S/0581704W 402043S/0551344W 404733S/0555754W 382801S/0581748W AFFECTS W33, UW33, CTA EZEIZA IV SECT S AND SRR/FIR EZEIZA SECT OCEANICO  F) MSL G) UNL    CREATED: 13 APR 2026 17:44  SOURCE: SAEZYNYX"
Peru,107699377342594316,A857/2026,SPIM,2026-03-09T22:00:00Z,2026-05-02T00:00:00Z,,,,QMRHX,"A0857/26 NOTAMN  Q) SPIM/QMRHX/IV/NBO/A/002/999/  A) SPJC B) 2603092200 C) 2605020000  D) 1000-1400 2200-0000  E) SEASONAL BIRDS ACT AT AD, HGT UP TO 200FT AGL. TYPES OF BIRDS-  BLACK VULTURE, SEAGULL AND FALCON. MAX FLOCK SIZE-100 BIRDS. BIRD  WT- UP TO 1000 GRAMS COASTLINE MAIN MOVING DIRECTION -N AND S - E  AND W. PILOTS CTN.  F) 200FT AGL G) UNL    CREATED: 09 MAR 2026 15:24  SOURCE: SPIMYNYN"
Guyana,107699363098747074,A8/2026,SYGC,2026-04-01T00:00:00Z,2026-04-30T23:59:00Z,5.15,-58.78333333333333,,QKKKK,A0008/26 NOTAMR A0005/26  Q) SYGC/QKKKK/K/K/K/000/999/0509N05847W999  A) SYGC B) 2604010000 C) 2604302359 EST  E) CHECKLIST  YEAR=2026 NIL  LATEST AIP AMENDMENTS  AIRAC AIP AMDT 01/25 EFFECTIVE 12 JUN 2025  AIP AMDT 01/26 04 MAR 26  CHECKLIST OF AIP SUP AND AIC  AIRAC AIP SUP: NIL  AIP SUP: 01/26  AIC: A9/16 A16/16 A17/17 A9/24 A2/25 A1/26 A2/26 A3/26 A4/26 A5/26   A6/26 A7/26 A8/26 A9/26 A10/26 A11/26 A12/26 A13/26 A14/26 A15/26   A16/26 A17/26 A18/26 A19/26 A20/26  AIRAC EFFECTIVE DATE: 16 APR 26 - NIL  AIRAC EFFECTIVE DATE: 14 MAY 26 - NIL  F) GND G) UNL    CREATED: 31 MAR 2026 23:39  SOURCE: SYCJYNYX
Puerto Rico,107681771718027058,A56/2025,TJZS,2025-05-21T13:05:00Z,,,,,QPDXX,A0056/25 NOTAMN  Q) TJZS/QPDXX////000/999/  A) TJZS  B) 2505211305  C) PERM  E) TJSJ ACONY THREE DEPARTURE: AIRCRAFT SHALL FLY DIRECT TO NEXT FIX  ON FLIGHT PLAN AFTER PALDE AND THEN AS FILED.  F) SFC  G) UNL    CREATED: 21 MAY 2025 13:16  SOURCE: TJZS
Philippines,107699939597401320,B1602/2026,RPHI,2026-04-27T00:00:00Z,2026-04-27T10:00:00Z,14.833333333333334,120.08333333333333,5,QRTCA,B1602/26 NOTAMN  Q) RPHI/QRTCA/IV/BO /W /000/999/1450N12005E005  A) RPHI B) 2604270000 C) 2604271000  E) TEMPO RESTRICTED AREA ACT WI:  RP-D31    RMK: LIVE FIRE EXER IN SUPPORT OF EXER BALIKATAN 26.       NON-PARTICIPATING ACFT NOT ALLOWED.  F) SFC G) UNL    CREATED: 17 APR 2026 12:04  SOURCE: EUECYIYN
Qatar,107699373651479653,A637/2026,OTDF,2026-03-30T07:03:00Z,2026-06-30T14:00:00Z,24.75,51.0,11,QRDCA,"A0637/26 NOTAMR A0516/26  Q) OTDF/QRDCA/IV/BO/W/000/999/2445N05100E011  A) OTDF B) 2603300703 C) 2606301400  D) MAR 30 0703-1400, MAR 31 0300-1400, APR 01-30 0300-1400, MAY 01-31  0300-1400, JUN 01-30 0300-1400  E) DANGER AREA OTD1 UPPER LIMIT RAISED TO UNL.  REF TO QATAR AIP ENR 5.1.  F) SFC G) UNL    CREATED: 30 MAR 2026 07:01  SOURCE: OTNOYNYX"
Portugal (Madeira and Acores),107699395478535662,A1938/2026,LPPO,2026-04-07T21:57:00Z,2026-07-06T23:59:00Z,38.766666666666666,-27.083333333333332,5,QWZLW,A1938/26 NOTAMN  Q) LPPO/QWZLW/IV/M  /AW/000/999/3846N02705W005  A) LPLA B) 2604072157 C) 2607062359  E) FIREWORKS MAY OCCUR IN THE VICINITY OF THE AERODROME. USE CAUTION  OVERFLYING POPULATED AREAS.  F) SFC G) UNL    CREATED: 07 APR 2026 21:57  SOURCE: EUECYIYN
Republic of Korea,107701026022795825,D822/2026,RKRR,2026-04-19T23:00:00Z,2026-04-24T07:00:00Z,34.083333333333336,128.36666666666667,23,QRRCA,"D0822/26 NOTAMN    Q) RKRR/QRRCA/IV/BO/W/000/999/3405N12822E023  A) RKRR B) 2604192300 C) 2604240700  D) 19 2300-20 0700, 21 0000-1300 2300-2359, 22 0000-0700, 23   0000-1300 2300-2359, 24 0000-0700  E) RESTRICTED AREA RK R72 ACT  F) SFC G) UNL    CREATED: 10 APR 2026 08:07  SOURCE: RKRRYNYX"
Republic of Korea,107701021006408241,D523/2026,RKRR,2026-03-26T15:00:00Z,2026-06-26T14:59:00Z,37.583333333333336,126.98333333333333,3,QRPCA,"D0523/26 NOTAMN    Q) RKRR/QRPCA/IV/NBO/W/000/999/3735N12659E003  A) RKRR B) 2603261500 C) 2606261459  E) TEMPO PROHIBITED AREA ACT AS FLW  A CIRCLE RADIUS 2NM CENTERED ON 373523N1265832E  RMK :   - EXC SKED CIV ACFT AND INFO ASSET FLT  - EMERG ACFT(FIRE FIGHTING, LIFEGUARD, ETC) OPERATION NEED     PRIOR PERMISSION FROM CAPITAL DEFENSE COMMAND (02-524-0315)  F) SFC G) UNL    CREATED: 11 MAR 2026 04:57  SOURCE: RKRRYNYX"
Hungary,107699396267056194,A1985/2026,LHCC,2026-04-27T07:00:00Z,2026-04-28T16:00:00Z,46.483333333333334,16.933333333333334,1,QRACA,"A1985/26 NOTAMN  Q) LHCC/QRACA/IV/NBO/W /000/045/4629N01656E001  A) LHCC B) 2604270700 C) 2604281600  D) 0700-1600  E) AIRSPACE RESERVATION ACTIVATED DUE TO MILITARY OPERATIONS   AND MISSILE, ROCKET FIRING WITHIN AREA BOUNDED BY THE FOLLOWING   COORD POINTS:  462931N0165609E  462914N0165640E  462831N0165628E  462845N0165559E  462931N0165609E (NAGYKANIZSA).  THE AIRSPACE IS SEGREGATED AND SHALL BE AVOIDED ACCORDING TO AIP   HUNGARY ENR 5.3.  FURTHER INFO ABOUT THE ACTUAL OPR HR VIA TEL: +36 30 694 8230.  F) GND G) 4500FT AMSL    CREATED: 02 APR 2026 08:38  SOURCE: EUECYIYN"
Hungary,107699399538613314,A2180/2026,LHCC,2026-04-20T11:00:00Z,2026-04-30T21:00:00Z,47.13333333333333,18.0,3,QRACA,"A2180/26 NOTAMN  Q) LHCC/QRACA/IV/NBO/W /025/045/4708N01800E003  A) LHCC B) 2604201100 C) 2604302100  D) 20-23 28-30 1100-2100  E) AIRSPACE RESERVATION ACTIVATED DUE TO MILITARY OPERATIONS   AND MISSILE, ROCKET FIRING WITHIN AREA BOUNDED BY THE FOLLOWING   COORD POINTS:  470648N0175856E  470918N0175735E  470951N0180129E  470529N0180122E  470648N0175856E (UJMAJOR CENTER).  THE AIRSPACE IS SEGREGATED AND SHALL BE AVOIDED ACCORDING TO AIP   HUNGARY ENR 5.3.  FURTHER INFO ABOUT THE ACTUAL OPR HR VIA TEL: +36 20 527 2364.  F) 2500FT AMSL G) 4500FT AMSL    CREATED: 14 APR 2026 10:00  SOURCE: EUECYIYN"
Hungary,107699393364597826,A1812/2026,LHCC,2026-03-31T00:00:00Z,2026-04-29T23:59:00Z,47.766666666666666,19.283333333333335,3,QRACA,"A1812/26 NOTAMN  Q) LHCC/QRACA/IV/NBO/W /000/035/4746N01917E003  A) LHCC B) 2603310000 C) 2604292359  E) AIRSPACE RESERVATION ACTIVATED DUE TO MILITARY OPERATIONS   AND MISSILE, ROCKET FIRING WITHIN AREA BOUNDED BY THE FOLLOWING   COORD POINTS:  474459N0191827E  474542N0191919E  474734N0191451E  474636N0191404E  474459N0191827E (PUSPOKSZILAGY).  THE AIRSPACE IS SEGREGATED AND SHALL BE AVOIDED ACCORDING TO AIP   HUNGARY ENR 5.3.  FURTHER INFO ABOUT THE ACTUAL OPR HR VIA TEL: +36 30 779 8568.  F) GND G) 3500FT AMSL    CREATED: 26 MAR 2026 08:18  SOURCE: EUECYIYN"
Hungary,107699400864013378,A2259/2026,LHCC,2026-04-20T11:00:00Z,2026-04-30T21:00:00Z,47.13333333333333,18.066666666666666,4,QRACA,"A2259/26 NOTAMN  Q) LHCC/QRACA/IV/NBO/W /000/045/4708N01804E004  A) LHCC B) 2604201100 C) 2604302100  D) 20-23 28-30 1100-2100  E) AIRSPACE RESERVATION ACTIVATED DUE TO MILITARY OPERATIONS   AND MISSILE, ROCKET FIRING WITHIN AREA BOUNDED BY THE FOLLOWING   COORD POINTS:  470538N0180720E  471103N0180547E  470951N0180129E  470529N0180122E  470538N0180720E (UJMAJOR EAST).  THE AIRSPACE IS SEGREGATED AND SHALL BE AVOIDED ACCORDING TO AIP   HUNGARY ENR 5.3.  FURTHER INFO ABOUT THE ACTUAL OPR HR VIA TEL: +36 20 527 2364.  F) GND G) 4500FT AMSL    CREATED: 16 APR 2026 08:45  SOURCE: EUECYIYN"
Hungary,107699399370841154,A2170/2026,LHCC,2026-04-25T05:00:00Z,2026-04-25T16:00:00Z,46.46666666666667,20.133333333333333,3,QRACA,"A2170/26 NOTAMN  Q) LHCC/QRACA/IV/NBO/W /000/075/4628N02008E003  A) LHCC B) 2604250500 C) 2604251600  E) AIRSPACE RESERVATION ACTIVATED DUE TO MILITARY OPERATIONS AND   MISSILE, ROCKET FIRING WITHIN AREA BOUNDED BY THE FOLLOWING COORD   POINTS:  462710N0200523E  462558N0200723E  462825N0201030E  462938N0200831E  462710N0200523E  (DOC).  THE AIRSPACE IS SEGREGATED AND SHALL BE AVOIDED ACCORDING TO AIP   HUNGARY ENR 5.3.  FURTHER INFO ABOUT THE ACTUAL OPR HR VIA TEL: +36 30 626 0386.  F) GND G) 7500FT AMSL    CREATED: 14 APR 2026 08:23  SOURCE: EUECYIYN"
Hungary,107699394606111810,A1886/2026,LHCC,2026-04-23T05:00:00Z,2026-04-23T14:00:00Z,47.93333333333333,20.333333333333332,1,QRACA,"A1886/26 NOTAMN  Q) LHCC/QRACA/IV/NBO/W /000/075/4756N02020E001  A) LHCC B) 2604230500 C) 2604231400  E) AIRSPACE RESERVATION ACTIVATED DUE TO MILITARY OPERATIONS   AND MISSILE, ROCKET FIRING WITHIN AREA BOUNDED BY THE FOLLOWING   COORD POINTS:  475557N0201934E  475614N0201915E  475634N0201926E  475637N0201949E  475600N0201956E  475557N0201934E (EGER).  THE AIRSPACE IS SEGREGATED AND SHALL BE AVOIDED ACCORDING TO AIP   HUNGARY ENR 5.3.  FURTHER INFO ABOUT THE ACTUAL OPR HR VIA TEL: +36 30 361 7869.  F) GND G) 7500FT AMSL    CREATED: 31 MAR 2026 15:29  SOURCE: EUECYIYN"
Hungary,107699388968967234,A1550/2026,LHCC,2026-04-25T06:00:00Z,2026-04-25T20:00:00Z,46.483333333333334,16.933333333333334,1,QRACA,"A1550/26 NOTAMN  Q) LHCC/QRACA/IV/NBO/W /000/045/4629N01656E001  A) LHCC B) 2604250600 C) 2604252000  E) AIRSPACE RESERVATION ACTIVATED DUE TO MILITARY OPERATIONS   AND MISSILE, ROCKET FIRING WITHIN AREA BOUNDED BY THE FOLLOWING   COORD POINTS:  462931N0165609E  462914N0165640E  462831N0165628E  462845N0165559E  462931N0165609E (NAGYKANIZSA).  THE AIRSPACE IS SEGREGATED AND SHALL BE AVOIDED ACCORDING TO AIP   HUNGARY ENR 5.3.  FURTHER INFO ABOUT THE ACTUAL OPR HR VIA TEL: +36 30 694 8230.  F) GND G) 4500FT AMSL  CREATED: 16 MAR 2026 15:31  SOURCE: EUECYIYN"
Russian Federation,107706568627865141,N3507/2026,URRV,2026-04-01T00:00:00Z,2026-04-30T23:59:00Z,47.233333333333334,47.916666666666664,54,QRRCA,N3507/26 NOTAMN  Q) URRV/QRRCA/IV/BO/W/000/999/4714N04755E054  A) URRV B) 2604010000 C) 2604302359  E) RESTRICTED AREA ACT: URR553.  F) GND  G) UNL    CREATED: 25 MAR 2026 14:20  SOURCE: UUUUYNYX
Russian Federation,107708218247621995,Q3528/2026,ULLL,2026-04-24T11:00:00Z,2026-04-28T21:00:00Z,66.06666666666666,42.833333333333336,21,QRTCA,Q3528/26 NOTAMN  Q) ULLL/QRTCA/IV/BO/W/000/999/6604N04250E021  A) ULLL B) 2604241100 C) 2604282100  D) 24-28 1100-2100  E) AIRSPACE CLSD WI AREA:  654800N0431000E-654500N0423000E-654700N0422500E-655500N0421300E-  660700N0421500E-661900N0423000E-662300N0425500E-662300N0431000E-  661500N0432800E-654800N0431000E  F) SFC  G) UNL    CREATED: 22 MAR 2026 09:10  SOURCE: UUUUYNYX
Russian Federation,107699403095688757,A2392/2026,URRV,2026-04-17T21:00:00Z,2026-05-01T20:59:00Z,44.233333333333334,43.083333333333336,5,QFAXX,"A2392/26 NOTAMN  Q) URRV/QFAXX/IV/NBO/A/000/999/4414N04305E005  A) URMM B) 2604172100 C) 2605012059  E) 28-30 APR CAUCASUS INTERNATIONAL INVESTMENT FORUM IS TAKING PLACE.  FLW APPLY FOR THE FLT PERIOD BTN APR 27-MAY 01:  1) PARKING OF ACFT OPERATING SPECIAL AND VIP FLT, INCLUDING  BUSINESS AVIATION FLT, SHALL NOT EXCEED 1 HR, EXC ACFT OPERATING  VIP FLT.  2) ACFT OPERATORS, PLANNING TO OPR SPECIAL AND CHARTER FLT, SHOULD  OBTAIN SLOT FROM AD OPERATOR PRIOR TO SUBMITTING (FPL), INCLUDING  IN CASE OF DELAY (DLA),  3) LONG DURATION DELAYS OF ARR ACFT DUE TO HLDG AND SUBSEQUENT  DIVERSIONS TO ALTN, AS WELL AS DELAYS OF DEP ACFT DUE TO HIGH AD  WORKLOAD, ARE EXPECTED AND SHOULD BE TAKEN INTO ACCOUNT WHEN  CALCULATING FUEL LOAD.  IF TECHNICALLY FEASIBLE, FUELLING SHOULD NOT BE PLANNED WITH THE  PURPOSE OF REDUCING HANDLING TIME.  4) ACFT OPERATING CHARTER FLT SHOULD CARRY TOW BAR, AND LOCK PIN  (IF APPLICABLE) TO UNLOCK NOSE GEAR, ON BOARD.    CREATED: 17 APR 2026 13:40  SOURCE: UUUUYNYX"
India,107699365514739749,A152/2026,VABF,2026-01-27T04:40:00Z,2026-04-27T23:59:00Z,,,,QARXX,A0152/26 NOTAMR A2180/25  Q) VABF/QARXX/IV/BO/E/000/999/  A) VABF B) 2601270440 C) 2604272359  E) FLT OPR TO VAPO AP VIA SG SHALL FLT PLAN/RTE VIA     WP SG-DCT-DOGAP-DCT-PPN  F) GND G) UNL    CREATED: 27 JAN 2026 04:43  SOURCE: VABBYNYX
Ireland,107704310950928973,J11/2026,EISN,2026-03-06T10:00:00Z,2026-06-05T17:00:00Z,52.766666666666666,-9.5,3,QRTCA,"J0011/26 NOTAMN  Q) EISN/QRTCA/IV/BO /W /000/005/5246N00930W003  A) EISN B) 2603061000 C) 2606051700  D) MON-FRI 1000-1700 EXC MAR 17 APR 06 MAY 04 JUN 01  E) FLIGHT RESTRICTION IN THE VICINITY OF COUNTY CLARE COASTLINE    A TEMPORARY RESTRICTION ON THE FLYING OF AIRCRAFT, AND ROCKETS AS   DEFINED IN S.I. NO.25 OF 2023, SHALL APPLY IN THE TEMPORARY   RESTRICTED AREA (TRA) CONTAINED WITHIN THE VOLUME OF AIRSPACE   DEFINED BELOW:    LATERAL LIMITS, THE AIRSPACE CONTAINED WITHIN:  524452.36N 0093036.12W  524523.14N 0093418.47W    ARC RADIUS OF 5KM (2.7NM) CENTRED ON  524610.85N 0093003.76W  524827.40N 0093225.92W  524759.40N 0093144.97W  524759.50N 0092913.83W  524632.84N 0092836.10W  524558.69N 0092936.65W  524519.32N 0092949.34W  524452.36N 0093036.12W  VERTICAL LIMITS: SFC TO 500FT AMSL    POINT OF CONTACT DURING ACTIVATION: A-TECHSYN HEAD OF UAV OPERATIONS   (+353 87 711 3209) OR PIC (+353 85 186 4544).    STATE AIRCRAFT, AIRCRAFT OF THE IRISH COASTGUARD SERVICE AND HEMS   OPERATORS EMPLOYED ON AN OPERATIONAL MISSION SHALL BE EXEMPT FROM   THE RESTRICTION.  F) SFC G) 500FT AMSL    CREATED: 23 FEB 2026 19:01  SOURCE: EUECYIYN"
Ireland,107704310917374541,J9/2026,EISN,2026-02-20T00:00:00Z,2026-05-20T00:00:00Z,54.13333333333333,-9.783333333333333,1,QRTCA,"J0009/26 NOTAMN  Q) EISN/QRTCA/IV/BO /W /000/031/5408N00947W001  A) EISN B) 2602200000 C) 2605200000  E) FLIGHT RESTRICTION IN THE VICINITY OF BANGOR ERRIS, COUNTY MAYO    A TEMPORARY RESTRICTION ON THE FLYING OF AIRCRAFT, INCLUDING  UNMANNED AIRCRAFT SYSTEMS (UAS) AS DEFINED IN S.I. NO. 24 OF 2023  AND COMMISSION IMPLEMENTING REGULATION (EU) 2019/947, AND ROCKETS AS   DEFINED IN S.I. NO. 25 OF 2023, SHALL APPLY IN THE TEMPORARY   RESTRICED AREA (TRA) CONTAINED WITHIN THE VOLUME OF AIRSPACE DEFINED   BELOW:     LATERAL LIMITS: A CIRCLE RADIUS OF 0.6NM CENTRED ON:  540733.1N 0094659.5W    POINT OF CONTACT DURING ACTIVATION   MR. ANDREI LUCA +31 685358986 OR BY EMAIL AT A.LUCA(AT)KITEPOWER.NL   MR. MARK DEVAS +353 83 842 2897 OR BY EMAIL AT   M.DEVAS(AT)KITEPOWER.NL    STATE AIRCRAFT, AIRCRAFT OF THE IRISH COASTGUARD SERVICE AND HEMS  OPERATORS EMPLOYED ON AN OPERATIONAL MISSION SHALL BE EXEMPT FROM   THE RESTRICTION.  F) SFC G) 3100FT AMSL    CREATED: 12 FEB 2026 17:23  SOURCE: EUECYIYN"
Ireland,107704310967706189,J12/2026,EISN,2026-03-06T10:00:00Z,2026-06-05T17:00:00Z,52.75,-9.566666666666666,15,QRTCA,"J0012/26 NOTAMN  Q) EISN/QRTCA/IV/BO /W /000/025/5245N00934W015  A) EISN B) 2603061000 C) 2606051700  D) MON-FRI 1000-1700 EXC MAR 17 APR 06 MAY 04 JUN 01  E) FLIGHT RESTRICTION IN THE VICINITY OF COUNTY CLARE COASTLINE    A TEMPORARY RESTRICTION ON THE FLYING OF AIRCRAFT, AND ROCKETS AS   DEFINED IN S.I. NO.25 OF 2023, SHALL APPLY IN THE TEMPORARY   RESTRICTED AREA (TRA) CONTAINED WITHIN THE VOLUME OF AIRSPACE   DEFINED BELOW:    LATERAL LIMITS, THE AIRSPACE CONTAINED WITHIN:  524523.14N 0093418.47W  524839.19N 0095438.25W    ARC RADIUS OF 28KM (15.12NM) CENTRED ON  524610.85N 0093003.76W  525743.31N 0094606.50W  524827.40N 0093225.92W  ARC RADIUS OF 5KM (2.7NM) CENTRED ON  524610.85N 0093003.76W  524523.14N 0093418.47W  VERTICAL LIMITS: SFC TO 2500FT AMSL    POINT OF CONTACT DURING ACTIVATION: A-TECHSYN HEAD OF UAV OPERATIONS   (+353 87 711 3209) OR PIC (+353 85 186 4544).    STATE AIRCRAFT, AIRCRAFT OF THE IRISH COASTGUARD SERVICE AND HEMS   OPERATORS EMPLOYED ON AN OPERATIONAL MISSION SHALL BE EXEMPT FROM   THE RESTRICTION.  F) SFC G) 2500FT AMSL    CREATED: 23 FEB 2026 19:02  SOURCE: EUECYIYN"
Senegal,107699368299280846,A318/2026,GOOO,2026-04-09T14:06:00Z,2026-06-30T23:59:00Z,7.0,-17.483333333333334,,QRRCA,A0318/26 NOTAMR A0314/26   Q) GOOO/QRRCA/IV/BO/W/050/999/0700N01729W999  A) GOOO B) 2604091406 C) 2606302359 EST  E) GOR 34 ACTIVATED  F) 5000FT AMSL G) UNL    CREATED: 09 APR 2026 14:19  SOURCE: GOOOYNYX
Saudi Arabia,107711467608281379,W597/2026,OEJD,2026-04-16T06:51:00Z,2026-05-30T15:00:00Z,21.816666666666666,42.28333333333333,86,QRRCA,W0597/26 NOTAMR W0507/26  Q) OEJD/QRRCA/IV/NBO/W/000/999/2149N04217E086  A) OEJD  B) 2604160651 C) 2605301500  D) EV FRI SAT 0500-1500   APR 16 19-23 26-30 1500-2100  E) OER05B ACT.  F) SFC G) UNL    CREATED: 16 APR 2026 06:53  SOURCE: OEJDYNYX
Saudi Arabia,107711466886861091,W554/2026,OEJD,2026-04-10T10:21:00Z,2026-06-20T12:00:00Z,24.366666666666667,49.583333333333336,118,QRRCA,W0554/26 NOTAMR W0505/26  Q) OEJD/QRRCA/IV/NBO/W/000/999/2422N04935E118  A) OEJD  B) 2604101021 C) 2606201200  D) EV FRI AND SAT 0600-1200  EXC APR 10 0600-1300  E) OER41 ACT.  F) SFC G) UNL    CREATED: 10 APR 2026 10:23  SOURCE: OEJDYNYX
SRI LANKA,107699921628836017,B531/2026,MMFR,2026-03-16T19:44:00Z,2026-06-15T05:00:00Z,,,,QRDCA,"B0531/26 NOTAMR B0073/26  Q) MMFR/QRDCA/IV/BO/W/000/999/  A) MMFO  B) 2603161944  C) 2606150500  E) THE GOVERNMENT OF THE UNITED STATES OF AMERICA HAS ISSUED AN ADVISORY     REGARDING A POTENTIALLY HAZARDOUS SITUATION WITHIN THE MAZATLAN     OCEANIC (MMFO), MEXICO (MMFR), CENTRAL AMERICA (MHTG) , BOGOTA (SKED) ,     GUAYAQUIL (SEFG), AND PANAMA (MPZL) FLIGHT INFORMATION REGIONS.          IT IS RECOMMENDED THAT OPERATORS EXERCISE CAUTION WHILE OPERATING IN     THE AREAS OVER THE PACIFIC OCEAN AND THE GULF OF CALIFORNIA WITHIN     THESE FLIGHT INFORMATION REGIONS (FIR) DUE TO MILITARY ACTIVITIES AND     GNSS INTERFERENCE. THERE IS A POTENTIAL RISK TO AIRCRAFT AT ALL     ALTITUDES, INCLUDING OVERFLIGHTS AND THE ARRIVAL AND DEPARTURE PHASES     OF FLIGHT.          AIR NAVIGATION AND AIR TRAFFIC CONTROL SERVICES MAINTAIN THEIR     SURVEILLANCE SYSTEMS (SURVEILLANCE RADAR) AND CONVENTIONAL RADIO     NAVIGATION AIDS (VOR/DME) NATIONWIDE FULLY OPERATIONAL, AS THESE ARE     NOT VULNERABLE TO GNSS INTERFERENCE.  F) SFC  G) UNL  CREATED: 16 MAR 2026 19:47  SOURCE: MMMXYNYX"
SRI LANKA,107699382040319213,A1137/2026,VVHN,2026-04-23T04:00:00Z,2026-04-24T09:30:00Z,20.383333333333333,105.78333333333333,,QARCH,"A1137/26 NOTAMN   Q) VVHN/QARCH/IV/BO/E/000/999/2023N10547E999  A) VVHN B) 2604230400 C) 2604240930   D) DAILY 0400-0930  E) DUE TO ROCKET FRNG ACT, ATS RTE SEGMENTS MENTIONED BELOW   SHALL BE OPERATED AS FLW:  - ARR FLT TO NOI BAI AD VIA ATS ROUTE Q2: Q2 - NIVEN -   185727N1052018E - BISON  - ARR FLT TO NOI BAI AD VIA ATS ROUTE N639: N639 - VILAO -   185727N1052018E - BISON  - ARR FLT TO CAT BI AD VIA ATS ROUTE N639: N639 - VILAO -   185727N1052018E - NAH  - ARR FLT TO THO XUAN AD VIA ATS ROUTE W2 - VIN - W24: W2 -   DONGI - 185727N1052018E - HARON  - DEP FLT FM DONG HOI AD TO NOI BAI AD VIA ATS ROUTE W2/Q2:   VVDH - 185727N1052018E - BISON  - DEP FLT FM NOI BAI AD, CAT BI AD VIA ATS ROUTES W2/N639:   NAH - VIDAD - VILAO/DONGI  - OVERFLIGHT VIA ATS ROUTE A206: OFFSET 10NM SOUTH   OF ATS ROUTE  - OVERFLIGHT VIA ATS ROUTE N639:   + SOUTHBOUND FLT (FM SECTOR 2 TO SECTOR 3): NAH - VIDAD - VILAO   + NORTHBOUND FLT (FM SECTOR 3 TO SECTOR 2): N639 - VILAO -   185727N1052018E - NAH  - NORTHBOUND OVERFLIGHT VIA ATS ROUTE Q2: Q2 - NIVEN -   185727N1052018E - NAH  (SEE NOTAM VVVV A1133/26).    CREATED: 21 APR 2026 02:27  SOURCE: VVVVYNYX"
SRI LANKA,107699921645613233,B532/2026,MMFR,2026-03-16T19:51:00Z,2026-06-15T05:00:00Z,,,,QRDCA,"B0532/26 NOTAMR B0074/26  Q) MMFR/QRDCA/IV/BO/W/000/999/  A) MMFR  B) 2603161951  C) 2606150500  E) THE GOVERNMENT OF THE UNITED STATES OF AMERICA HAS ISSUED AN ADVISORY     REGARDING A POTENTIALLY HAZARDOUS SITUATION WITHIN THE MAZATLAN     OCEANIC (MMFO), MEXICO (MMFR), CENTRAL AMERICA (MHTG) , BOGOTA (SKED) ,     GUAYAQUIL (SEFG), AND PANAMA (MPZL) FLIGHT INFORMATION REGIONS.          IT IS RECOMMENDED THAT OPERATORS EXERCISE CAUTION WHILE OPERATING IN     THE AREAS OVER THE PACIFIC OCEAN AND THE GULF OF CALIFORNIA WITHIN     THESE FLIGHT INFORMATION REGIONS (FIR) DUE TO MILITARY ACTIVITIES AND     GNSS INTERFERENCE. THERE IS A POTENTIAL RISK TO AIRCRAFT AT ALL     ALTITUDES, INCLUDING OVERFLIGHTS AND THE ARRIVAL AND DEPARTURE PHASES     OF FLIGHT.          AIR NAVIGATION AND AIR TRAFFIC CONTROL SERVICES MAINTAIN THEIR     SURVEILLANCE SYSTEMS (SURVEILLANCE RADAR) AND CONVENTIONAL RADIO     NAVIGATION AIDS (VOR/DME) NATIONWIDE FULLY OPERATIONAL, AS THESE ARE     NOT VULNERABLE TO GNSS INTERFERENCE.  F) SFC  G) UNL    CREATED: 16 MAR 2026 19:53  SOURCE: MMMXYNYX"
SRI LANKA,107704872535195725,K716/2026,UACN,2026-04-25T22:00:00Z,2026-04-29T22:20:00Z,47.38333333333333,67.36666666666666,22,QRDCA,"K0716/26 NOTAMN  Q) UACN/QRDCA/IV/BO /W /000/999/4723N06722E022  A) UACN B) 2604252200 C) 2604292220  D) 25 2200-2350, 26 2130-2320, 27 2110-2300, 29 2030-2220  E) DANGER AREA UAD26 ACTIVATED  F) GND G) UNL    CREATED: 16 APR 2026 20:07  SOURCE: EUECYIYN"
SRI LANKA,107699381368684832,A1097/2026,FAJA,2026-04-24T16:00:00Z,2026-04-25T23:00:00Z,-26.25,27.983333333333334,5,QWOLW,"A1097/26 NOTAMN   Q) FAJA/QWOLW/IV/M/W/000/999/2615S02759E005  A) FAJA B) 2604241600 C) 2604252300  E) NASREC, JOHANNESBURG, GAUTENG (261441S 0275841E): LASER BEAM  DISPLAY TAKING PLACE.  F) SFC G) UNL    CREATED: 09 MAR 2026 18:24  SOURCE: FAJNYNYX"
SRI LANKA,107704872518418509,K715/2026,UACN,2026-04-25T22:10:00Z,2026-04-29T21:20:00Z,48.333333333333336,71.66666666666667,18,QRDCA,"K0715/26 NOTAMN  Q) UACN/QRDCA/IV/BO /W /000/999/4820N07140E018  A) UACN B) 2604252210 C) 2604292120  D) 25 2210-2250, 26 2150-2230, 27 2130-2210, 29 2040-2120  E) DANGER AREA UAD29 ACTIVATED  F) GND G) UNL    CREATED: 16 APR 2026 19:49  SOURCE: EUECYIYN"
SRI LANKA,107686254723818630,I5120/2025,CZEG,2025-10-03T17:27:00Z,,53.95,-113.13333333333334,5,QFAXX,I5120/25 NOTAMN  Q) CZEG/QFAXX/IV/NBO/A/000/999/5357N11308W005  A) CXXX B) 2510031727 C) PERM  E) CRW8 REDWATER (HEALTH CENTRE) (HELI)  AMEND PUBLICATIONS:  CAUTION: DELETE: UNLGTD P-LINE MARKED WITH BALL MARKERS S ON  160DEG FLT PATH.    CREATED: 03 OCT 2025 17:27  SOURCE: CYHQYNYX
SRI LANKA,107577866962764064,D2/2019,FAJA,2019-05-18T03:53:00Z,,-22.366666666666667,30.883333333333333,5,QFAAP,D0002/19 NOTAMN  Q) FAJA/QFAAP/IV/NBO/A /000/999/2222S03053E005  A) FAMP B) 1905180353 C) PERM  E) MADIMBO AD FAMP - MIL UNLICENSED AD.  24HR PPR FROM AIR FORCE COMMAND POST ON TEL (012) 3122410.  CREATED: 01 NOV 2022 06:59  SOURCE: LSSNYNYX
SRI LANKA,107699381973210349,A1133/2026,VVHN,2026-04-23T04:00:00Z,2026-04-24T09:30:00Z,19.116666666666667,106.08333333333333,24,QWMLW,A1133/26 NOTAMN   Q) VVHN/QWMLW/IV/BO/W/000/999/1907N10605E024  A) VVHN B) 2604230400 C) 2604240930   D) DAILY 0400-0930  E) ROCKET FRNG WILL TAKE PLACE WI:  190644N1054341E - 191221N1054445E - 192019N1055301E -   192325N1061830E - 191407N1062856E - 190204N1062229E -   185025N1055238E - 185310N1054656E - 190127N1054009E -   190644N1054341E  BRG: 70 DEG - 100 DEG  - ALL FLIGHTS ARE PROHIBITED WITHIN THIS AREA.  F) GND G) 30000M AGL    CREATED: 21 APR 2026 02:15  SOURCE: VVVVYNYX
SRI LANKA,107699382006764781,A1135/2026,VVHN,2026-04-23T04:00:00Z,2026-04-24T09:30:00Z,20.383333333333333,105.78333333333333,,QARLT,"A1135/26 NOTAMN   Q) VVHN/QARLT/IV/NBO/E/000/999/2023N10547E999  A) VVHN B) 2604230400 C) 2604240930   D) DAILY 0400-0930  E) DUE TO ROCKET FRNG ACT, DO NOT USE ATS ROUTE/SEGMENTS AND   EN-ROUTE HLDG FOR FLT OPERATIONS AS FLW:  - W24   - A206: VIN - KADIM  - N639: KADIM - NAH  - W2: NAH - VIN  - Q2: BUVAN - BISON  - EN-ROUTE HLDG: BIVIM, VIN    (SEE NOTAM VVVV A1133/26).    CREATED: 21 APR 2026 02:24  SOURCE: VVVVYNYX"
SRI LANKA,107699363803467237,A50/2026,VDPF,2026-04-21T10:02:00Z,2026-07-21T23:59:00Z,,,,QRDCA,A0050/26 NOTAMR A0009/26  Q) VDPF/QRDCA/IV/BO/W/000/999/  A) VDPF B) 2604211002 C) 2607212359 EST  E) DANGER ACTIVATION WI AREA  135142N1024559E-135005N1040114E-135623N1051516E-140942N1051736E-  142053N1051207E-141206N1050442E-142125N1045929E-142623N1044758E-  142029N1043111E-142404N1041507E-142005N1040009E-142154N1034748E-  142653N1034104E-141954N1030914E-141219N1025717E-135142N1024559E-  RMK: EASTBOUND FLIGHTS USING L880 AND G474 SHOULD FILE RE-ROUTE FPL  ENTERING PHNOM PENH FIR AT AGEDO AND THEN USING B204 REP W14 VIBUN  L880 VEMKO G474  F) GND  G) UNL    CREATED: 21 APR 2026 10:08  SOURCE: VDPFYNYX
SRI LANKA,107699385747787943,A1358/2026,MUFH,2026-04-27T12:00:00Z,2026-04-30T01:00:00Z,,,,QRALW,A1358/26 NOTAMR A1357/26  Q) MUFH/QRALW/IV/NBO/W/000/999/  A) MUXX B) 2604271200 C) 2604300100  D) 1200/0100 DLY  E) AIRSPACE RESERVATION WILL TAKE PLACE WI FLW COORD: 2252N08301W     2242N08236W 2141N08312W 2153N08336W TO ORIGIN POINT     ( JEJENES/ARTEMISA )  F) SFC G) UNL    CREATED: 17 APR 2026 13:25  SOURCE: MUHAYNYX
Brazil,107704316387198002,J335/2026,SBBS,2026-04-22T15:00:00Z,2026-04-24T21:00:00Z,-15.35,-47.68333333333333,70,QANLC,"J0335/26 NOTAMR J0332/26  Q) SBBS/QANLC/I/NBO/E/245/999/1521S04741W070  A) SBBS  B) 2604221500 C) 2604242100  D) 22 1500-0100, 23 2100-0100, 24 1000-2100  E) RNAV RTE UL776 SEGMENT REP MOLTI/PULUV CLSD. ACFT MUST REP  MOLTI DCT MUDBI DCT REP PULUV  F) FL245 G) UNL    CREATED: 18 APR 2026 03:43  SOURCE: SBRJYNYX"
Brazil,107704316320089138,J331/2026,SBBS,2026-04-22T15:00:00Z,2026-04-24T21:00:00Z,-15.783333333333333,-47.21666666666667,18,QRRCA,"J0331/26 NOTAMN  Q) SBBS/QRRCA/IV/BO/W/000/999/1547S04713W018  A) SBBS  B) 2604221500 C) 2604242100  D) 22 1500-0100, 23 2100-0100,  24 1000-2100  E) SBR 622 (FORMOSA ALTA) ACT  F) SFC G) UNL    CREATED: 17 APR 2026 20:30  SOURCE: SBRJYNYX"
Brazil,107704314944357426,J249/2026,SBBS,2026-04-16T00:00:00Z,,-20.666666666666668,-49.63333333333333,70,QRRCH,J0249/26 NOTAMN  Q) SBBS/QRRCH/IV/BO/W/240/999/2040S04938W070  A) SBBS  B) 2604160000 C) PERM  E) SBR454 (GAVIAO UNO) ACTIVITY CHANGED TO H24  REF: AIP ENR 5.1  F) FL240 G) UNL    CREATED: 29 MAR 2026 11:52  SOURCE: SBRJYNYX
Brazil,107704863827756118,K197/2026,SBCW,2026-02-18T21:31:00Z,,-22.916666666666668,-45.78333333333333,10,QRRCH,K0197/26 NOTAMN  Q) SBCW/QRRCH/IV/BO/W/000/999/2255S04547W010  A) SBCW  B) 2602182131 C) PERM  E) SBR421 (XAVANTE B) CHANGED RMK  FROM: UNDER COORD OF SAO PAULO APP IN QRG 119.525 MHZ  TO: UNDER COORD OF RIO DE JANEIRO APP IN QRG 119.525 MHZ PRY / 124.700 MHZ SRY  REF: AIP ENR 5.1  F) GND G) UNL  CREATED: 18 FEB 2026 21:46  SOURCE: SBRJYNYX
Kazakhstan,107700503345496328,C2436/2026,UAII,2026-04-25T22:10:00Z,2026-04-29T21:10:00Z,46.0,63.56666666666667,17,QRPCA,"C2436/26 NOTAMN  Q) UAII/QRPCA/IV/NBO/W /000/999/4600N06334E017  A) UAII B) 2604252210 C) 2604292110  D) 25 2210-2240, 26 2150-2220, 27 2130-2200, 29 2040-2110  E) PROHIBITED AREA ACTIVATED  WI 16.2 NM RADIUS CENTRED ON 455946N 0633351E.  F) GND G) UNL    CREATED: 16 APR 2026 19:38  SOURCE: EUECYIYN"
Kazakhstan,107699398800703488,A2136/2026,UAAA,2026-04-25T22:10:00Z,2026-04-29T21:20:00Z,50.9,83.38333333333334,33,QRDCA,"A2136/26 NOTAMN  Q) UAAA/QRDCA/IV/BO /W /000/999/5054N08323E033  A) UAAA B) 2604252210 C) 2604292120  D) 25 2210-2250, 26 2150-2230, 27 2130-2210, 29 2040-2120  E) DANGER AREA UAD31 ACTIVATED  F) GND G) UNL    CREATED: 16 APR 2026 19:58  SOURCE: EUECYIYN"
Italy,107705979311071628,M1149/2026,LIMM,2026-03-19T00:00:00Z,2026-05-14T23:59:00Z,44.21666666666667,12.316666666666666,5,QMRXX,M1149/26 NOTAMN  Q) LIMM/QMRXX/IV/BO/A/000/999/4413N01219E005  A) LIPC  B) 2603190000 C) 2605142359  E) MILAIP AIRAC SUPPLEMENT S18/26 IN FORCE FROM 19 MAR 2026 TO UNL  REGARDING 'RUNWAY PHYSICAL CHARACTERISTCS' IS TO BE CONSIDERED   CANCELLED  CREATED: 02 MAR 2026 14:44  SOURCE: LIICYNYX
Italy,107705995098431521,M2090/2026,LIBB,2026-04-15T06:13:00Z,,40.766666666666666,16.933333333333334,5,QXXXX,"M2090/26 NOTAMN  Q) LIBB/QXXXX/IV/BO/AE/000/999/4046N01656E005  A) LIBV  B) 2604150613 C) PERM  E) MILAIP AIRAC SUPPLEMENT S71/2025 VALID FROM 25 DEC 2025 TO UNL,  REGARDING TWY &apos;G&apos; EDGE LIGHT, COMPLETELY WITHDRAWN.  REF MILAIP GEN 0.3-1    CREATED: 15 APR 2026 06:18  SOURCE: LIICYNYX"
Italy,107705991071899681,M1850/2026,LIBB,2026-04-01T08:15:00Z,,40.766666666666666,16.933333333333334,5,QXXXX,M1850/26 NOTAMN  Q) LIBB/QXXXX/IV/BO/AE/000/999/4046N01656E005  A) LIBV  B) 2604010815 C) PERM  E) MILAIP AIRAC SUPPLEMENT S42/2024 VALID FROM 16/05/2024 TO UNL  REGARDING SPECIAL RULES FOR TWY USE COMPLETELY WITHDRAWN.  REF MILAIP GEN 0.3-1    CREATED: 01 APR 2026 08:19  SOURCE: LIICYNYX
Italy,107705986776932913,M1594/2026,LIRR,2026-03-24T14:09:00Z,,41.666666666666664,12.45,5,QLBXX,M1594/26 NOTAMN  Q) LIRR/QLBXX/IV/NBO/A/000/999/4140N01227E005  A) LIRE  B) 2603241409 C) PERM  E) MILAIP AIRAC SUP S63/25 REGARDING &apos;AERODROME BEACON&apos; VALID  FM 27 NOV 2025 TO UNL IS TO BE CONSIDERED CANCELLED    CREATED: 24 MAR 2026 14:10  SOURCE: LIICYNYX
Somalia,107699363215805004,A15/2026,HCSM,2026-02-26T08:47:00Z,2026-04-24T23:59:00Z,5.233333333333333,50.68333333333333,,QCALF,"A0015/26 NOTAMR A0127/25  Q) HCSM/QCALF/IV/B/E/000/999/0514N05041E999  A) HCSM B) 2602260847 C) 2604242359 EST  E) A. MOGADISHU ACC NORTH - UNLAWFUL INTERFERENCE  DUE TO UNLAWFUL INTERFERENCE AFFECTING MOGADISHU ACC NORTH VHF  FREQ 132.5MHZ AND HF 11300/5517/13288KHZ, TRAFFIC OPERATING WITHIN  THE AREA BOUNDED BY WAYPOINTS:  VEDET UL437 BUBEM  DEMGO UW885/UB404 ARSHI  ARSHI UW885/UT382 AVEDA  BOMIX UB403 MUSBI  SHALL REQUEST LEVEL CHANGES ONLY VIA CPDLC OR SATCOM. NO LEVEL  CHANGES IN THE AFFECTED AREA FOR NON-CAPABLE AIRCRAFTS.  TRAFFIC OPERATING INTO HCMH AND HCMI SHALL BROADCAST THEIR  INTENTIONS ON THE SOMALI COMMON FREQ 127.45MHZ. TRAFFIC DEPARTING  FROM HCMH AND HCMI INTENDING TO OPERATE ABOVE FL245 SHALL OBTAIN  ENROUTE CLEARANCE FROM MOGADISHU ACC VIA CPDLC OR SATCOM PRIOR TO  TAKEOFF.  B. MOGADISHU ACC SOUTH - NORMAL OPERATIONS  MOGADISHU ACC SOUTH VHF FREQ 132.7MHZ IS OPERATING NORMALLY. NO  INTERFERENCE AFFECTING OPERATIONS.    CREATED: 31 MAR 2026 12:33  SOURCE: EUECYIYN"
Japan,107707639400015145,P1794/2026,RJJJ,2026-04-21T10:30:00Z,2026-04-30T14:30:00Z,39.583333333333336,163.9,111,QXXXX,"P1794/26 NOTAMN  Q) RJJJ/QXXXX/IV/NBO/E/000/999/3935N16354E111  A) RJJJ B) 2604211030 C) 2604301430  D) 1030/1430  E) DUE TO DOWN A RUSSIAN CARGO SPACESHIP, THE FLIGHT SAFETY OF THE  AIRCRAFT IN FOLLOWING AREA MAY BE AFFECTED  IMPACT AREA: BOUNDED BY FLW POINTS               411530N1625516E - 390351N1650000E - 375839N1650000E -               375524N1645423E - 405007N1620905E - 411530N1625516E  ALTITUDE   : SFC-UNL  RMK        : ATC WILL NOT CLEAR IFR FLT THRU THIS AREA FOR THE               FLIGHT SAFETY  F) SFC G) UNL    CREATED: 16 APR 2026 09:26  SOURCE: RJAAYNYX"
South Africa,107699367359709472,A262/2026,FAJA,2026-02-01T18:00:00Z,2026-04-30T19:00:00Z,-25.666666666666668,28.2,5,QWOLW,"A0262/26 NOTAMN   Q) FAJA/QWOLW/IV/M/AW/000/999/2540S02812E005  A) FAWB B) 2602011800 C) 2604301900  D) DLY 1800-1900  E) PLOT 145, WATERVAL, DISTRICT PRETORIA (253945S 0281224E): SEARCH  LGT DISPLAY TAKING PLACE.  F) GND G) UNL    CREATED: 15 JAN 2026 10:24  SOURCE: FAJNYNYX"
South Africa,107701014915874880,D160/2026,FACA,2026-04-25T16:00:00Z,2026-04-26T23:00:00Z,-33.9,18.516666666666666,1,QWOLW,"D0160/26 NOTAMN   Q) FACA/QWOLW/IV/M/AW/000/999/3354S01831E001  A) FAYP B) 2604251600 C) 2604262300  D) DLY 1600-2300  E) CENTURY CITY, CAPE TOWN (335335S 0183040E): LASER BEAM DISPLAY  TAKING PLACE.  F) SFC G) UNL    CREATED: 08 APR 2026 08:30  SOURCE: FAJNYNYX"
Lebanon,107488256815737889,A5/2014,OLBB,2014-01-10T09:56:00Z,,33.86666666666667,35.1,64,QRRXX,"A0005/14 NOTAMR A0004/14  Q) OLBB/QRRXX/IV/BO /W /000/999/3352N03506E064  A) OLBB B) 1401100956 C) PERM  E) NAVAL SHIPS OF THE UNIFIL MARITIME TASK FORCE (MTF) ARE OPERATING  UNDER UN SECURITY COUNCIL RESOLUTION 1701 (2006) IN THE AREA   DELINEATED BY THE AREA OUT OF 12 MILES FROM THE LEBANESE COAST   LINE, AND BY THE COORDINATES:  -343800N 0355800E  -343800N 0350000E  -330600N 0341500E  -330600N 0350600E  ALL VFR FLIGHTS MUST AVOID OVERFLYING IN A RADIUS OF 3NM WHEN   THEIR ALTITUDE IS LESS THAN 4000FT AROUND A UNIFIL NAVAL VESSEL   IN THESE MENTIONED AREA ABOVE, EXCEPT COMMERCIAL FLIGHT WHEN   THEY ARE SUBJECT TO ATC CLEARANCE FOR AVOIDING BAD WEATHER OR   HOLDING PROCEDURES. AIRCRAFT INTRUDING WITHIN THIS AIRSPACE   WOULD CONSTITUTE A SECURITY RISK AND HENCE MAY BE ENGAGED BY THE  SHIP&apos;S AIR DEFENCE SYSTEM.  F) SFC G) UNL)    CNN001I ADMIN MESSAGE    CREATED: 10 JAN 2014 10:05  SOURCE: OLBAYNYX"
Canada,107703237695596171,H1576/2026,CZUL,2026-03-30T13:12:00Z,2026-05-15T22:00:00Z,49.95,-69.53333333333333,96,QRRCA,"H1576/26 NOTAMR H1375/26  Q) CZUL/QRRCA/IV/BO/W/310/999/4957N06932W096  A) CZUL B) 2603301312 C) 2605152200  D) MAR 30-APR 06 MON-FRI 1300-2200 EXC HOL, APR 07-APR 30 MON-THU   1300-0400 FRI 1300-2200, MAY 01-MAY 15 MON-FRI 1300-2200 EXC HOL  E) RESTRICTED AREA CYR666 BAGOTVILLE ACT FM ABV FL310 TO UNL.  F) FL310 G) UNL    CREATED: 30 MAR 2026 13:12  SOURCE: CYHQYNYX"
Canada,107703237712373387,H1577/2026,CZUL,2026-03-30T13:12:00Z,2026-05-15T22:00:00Z,50.166666666666664,-71.25,85,QRRCA,"H1577/26 NOTAMR H1376/26  Q) CZUL/QRRCA/IV/BO/W/310/999/5010N07115W085  A) CZUL B) 2603301312 C) 2605152200  D) MAR 30-APR 06 MON-FRI 1300-2200 EXC HOL, APR 07-APR 30 MON-THU   1300-0400 FRI 1300-2200, MAY 01-MAY 15 MON-FRI 1300-2200 EXC HOL  E) RESTRICTED AREA CYR665 BAGOTVILLE ACT FM ABV FL310 TO UNL.  F) FL310 G) UNL    CREATED: 30 MAR 2026 13:12  SOURCE: CYHQYNYX"
Spain,107701040014790732,D1656/2026,LECM,2026-04-27T07:00:00Z,2026-04-30T13:00:00Z,37.016666666666666,-6.8,12,QRDCA,D1656/26 NOTAMN  Q) LECM/QRDCA/IV/BO /W /000/245/3701N00648W012  A) LECM B) 2604270700 C) 2604301300  D) 0700-1300  E) LED120 ACTIVATED FOR REAL ROCKET LAUNCHING    RMK: THE AREA WILL BE TREATED AS TSA.       THE ACTIVATION/DEACTIVATION OF THIS AREA WILL BE CARRIED OUT        IN REAL TIME BY TACTICAL COORDINATION WITH ECAO (OPERATIVE       AIR TRAFFIC SQUADRON) SEVILLA.  F) SFC G) FL245    CREATED: 31 MAR 2026 10:04  SOURCE: EUECYIYN
Spain,107701040081899596,D1660/2026,LECM,2026-04-27T07:00:00Z,2026-04-30T13:00:00Z,36.75,-7.05,29,QRDCA,D1660/26 NOTAMN  Q) LECM/QRDCA/IV/BO /W /245/600/3645N00703W029  A) LECM B) 2604270700 C) 2604301300  D) 0700-1300  E) LED119 ACTIVATED FOR REAL ROCKET LAUNCHING    RMK: THE AREA WILL BE TREATED AS TSA.       THE ACTIVATION/DEACTIVATION OF THIS AREA WILL BE CARRIED OUT        IN REAL TIME BY TACTICAL COORDINATION WITH ECAO (OPERATIVE       AIR TRAFFIC SQUADRON) SEVILLA.  F) FL245 G) FL600    CREATED: 31 MAR 2026 10:11  SOURCE: EUECYIYN
Sweden,107699370362816512,A441/2026,ESAA,2026-04-24T10:00:00Z,2026-05-12T21:30:00Z,58.21666666666667,15.0,190,QWETT,A0441/26 NOTAMN  Q) ESAA/QWETT/IV/BO /W /000/999/5813N01500E190  A) ESAA B) 2604241000 C) 2605122130  E) TRIGGER NOTAM - AIP SUP 74/26 WEF 24 APR 2026. MILITARY AIR   EXERCISE AURORA26 - FASTLANDET (THE MAINLAND) AND EXTENDED MILITARY   EXERCISE HOURS.  F) SFC G) UNL    CREATED: 02 APR 2026 10:46  SOURCE: EUECYIYN
Madagascar,107699370782273932,A466/2026,FMMM,2026-04-06T13:00:00Z,2026-05-01T03:00:00Z,-21.083333333333332,55.38333333333333,6,QRDCA,A0466/26 NOTAMN   Q) FMMM/QRDCA/IV/BO/W/000/999/2105S05523E006  A) FMMM B) 2604061300 C) 2605010300  D) APR 06-10 13-17 20-24 27-30 1300-0300  E) RUN AIP FMD1 ACT.  F) GND G) UNL    CREATED: 19 MAR 2026 04:44  SOURCE: FMMMYNYX
China,107699377745479904,A881/2026,ZSHA,2026-03-27T16:00:00Z,2026-05-06T15:59:00Z,,,,QRACA,A0881/26 NOTAMN  Q) ZSHA/QRACA/IV/NBO/W/000/999/  A) ZSHA B) 2603271600 C) 2605061559   E) RESERVED AREA ESTABLISHED AS FLW:   1.N350500E1210530-N350500E1230600-N340630E1231320-N334830E1214500    BACK TO START.VERTICAL LIMIT: SFC-UNL.   2.N334050E1214830-N335830E1231330-N315700E1231400-N314720E1224130    BACK TO START.VERTICAL LIMIT: SFC-UNL.   3.N305500E1223600-N305500E1230000-N304300E1234000-N284100E1234000  -N284000E1222000-N291130E1223600 BACK TO START.VERTICAL LIMIT:   SFC-UNL.   4.N310440E1233820-N310930E1240000-N294300E1240000    BACK TO START.VERTICAL LIMIT: SFC-UNL.   5.N303030E1234330-N293000E1240000-N290000E1240000-N284410E1234320    BACK TO START.VERTICAL LIMIT: SFC-UNL.  F) SFC G) UNL    CREATED: 27 MAR 2026 11:50  SOURCE: ZBBBYNYX
Thailand,107704342291336225,J1879/2026,VTBB,2026-04-23T03:00:00Z,2026-04-30T09:00:00Z,12.966666666666667,101.45,1,QWMLW,J1879/26 NOTAMN  Q) VTBB/QWMLW/IV/BO/W/000/035/1258N10127E001  A) VTBB B) 2604230300 C) 2604300900  D) DAILY 0300-0900  E) ROCKET FRNG WILL TAKE PLACE RADIUS 0.6NM CENTRE     125815.50N1012723.40E (WANG CHAN DISTRICT RAYONG PROVINCE)  F) GND G) 3500FT AGL    CREATED: 26 MAR 2026 03:31  SOURCE: VTBDYNYX
Thailand,107704342895316001,J1915/2026,VTBB,2026-04-24T01:00:00Z,2026-04-24T11:00:00Z,15.966666666666667,103.96666666666667,5,QWMLW,J1915/26 NOTAMN  Q) VTBB/QWMLW/IV/BO/W/000/190/1558N10358E005  A) VTBB B) 2604240100 C) 2604241100  E) ROCKET (BANGFAI) FRNG WILL TAKE PLACE RADIUS 5NM CENTRE     155754.20N1035802.70E (SELAPHUM DISTRICT ROI ET PROVINCE)     RMK: COOR CTC TEL +666 3751 1151  F) GND G) 19000FT AGL    CREATED: 27 MAR 2026 09:35  SOURCE: VTBDYNYX
Thailand,107704350478617633,J2367/2026,VTBB,2026-04-26T03:00:00Z,2026-04-26T10:00:00Z,17.066666666666666,104.65,3,QWMLW,"J2367/26 NOTAMN  Q) VTBB/QWMLW/IV/BO/W/000/100/1704N10439E003  A) VTBB B) 2604260300 C) 2604261000  E) ROCKET (BANGFAI) FRNG WILL TAKE PLACE RADIUS 3NM CENTRE     170348.5N1043848.9E (RENU NAKHON DISTRICT NAKHON PHANOM PROVINCE)      RMK: COOR CTC TEL +669 8618 5605 , +668 0812 2972  F) GND G) 10000FT AGL    CREATED: 16 APR 2026 09:41  SOURCE: VTBDYNYX"
Thailand,107704351216815137,J2411/2026,VTBB,2026-04-24T01:00:00Z,2026-04-24T10:00:00Z,15.316666666666666,103.81666666666666,3,QWMLW,"J2411/26 NOTAMN  Q) VTBB/QWMLW/IV/BO/W/000/100/1519N10349E003  A) VTBB B) 2604240100 C) 2604241000  E) ROCKET (BANGFAI) FRNG WILL TAKE PLACE RADIUS 3NM CENTRE     151921.12N1034922.18E (RATTANABURI DISTRICT SURIN PROVINCE)     RMK: COOR CTC TEL +668 2145 6761, +668 2155 9359  F) GND G) 10000FT AGL    CREATED: 17 APR 2026 07:57  SOURCE: VTBDYNYX"
Thailand,107704351200037921,J2410/2026,VTBB,2026-04-23T05:00:00Z,2026-04-23T11:00:00Z,17.216666666666665,103.51666666666667,3,QWMLW,J2410/26 NOTAMN  Q) VTBB/QWMLW/IV/BO/W/000/100/1713N10331E003  A) VTBB B) 2604230500 C) 2604231100  E) ROCKET (BANGFAI) FRNG WILL TAKE PLACE RADIUS 3NM CENTRE     171308.77N1033040.81E (WARITCHAPHUM DISTRICT      SAKON NAKHON PROVINCE)     RMK: COOR CTC TEL +669 8310 5811  F) GND G) 10000FT AGL    CREATED: 17 APR 2026 07:52  SOURCE: VTBDYNYX
Thailand,107704351233592353,J2412/2026,VTBB,2026-04-24T05:00:00Z,2026-04-24T11:30:00Z,17.25,103.68333333333334,5,QWMLW,J2412/26 NOTAMN  Q) VTBB/QWMLW/IV/BO/W/000/120/1715N10341E005  A) VTBB B) 2604240500 C) 2604241130  E) ROCKET (BANGFAI) FRNG WILL TAKE PLACE RADIUS 5NM CENTRE     171454.25N1034100.55E (WARITCHAPHUM DISTRICT      SAKON NAKHON PROVINCE)     RMK: COOR CTC TEL +668 8572 4386  F) GND G) 12000FT AGL    CREATED: 17 APR 2026 08:05  SOURCE: VTBDYNYX
Thailand,107704351720131617,J2441/2026,VTBB,2026-04-24T05:00:00Z,2026-04-24T10:00:00Z,14.7,102.61666666666666,3,QWMLW,"J2441/26 NOTAMN  Q) VTBB/QWMLW/IV/BO/W/000/100/1442N10237E003  A) VTBB B) 2604240500 C) 2604241000  E) ROCKET (BANGFAI) FRNG WILL TAKE PLACE RADIUS 3NM CENTRE     144145.35N1023720.24E (NONG KI DISTRICT BURI RAM PROVINCE)     RMK: COOR CTC TEL +668 1480 6130, +669 3443 9580  F) GND G) 10000FT AGL    CREATED: 17 APR 2026 13:05  SOURCE: VTBDYNYX"
Thailand,107704351384587297,J2421/2026,VTBB,2026-04-23T01:00:00Z,2026-04-24T13:00:00Z,16.4,104.06666666666666,3,QWMLW,"J2421/26 NOTAMN  Q) VTBB/QWMLW/IV/BO/W/000/100/1624N10404E003  A) VTBB B) 2604230100 C) 2604241300  D) DAILY 0100-1300  E) ROCKET (BANGFAI) FRNG WILL TAKE PLACE RADIUS 3NM CENTRE     162338.8N1040347.5E (MOEI WADI DISTRICT ROI ET PROVINCE)     RMK: COOR CTC TEL +669 2449 2665, +668 4878 8515,      +668 4526 9818, +666 5326 6501  F) GND G) 10000FT AGL    CREATED: 17 APR 2026 09:14  SOURCE: VTBDYNYX"
Malaysia,107701018791969954,D391/2026,WBFC,2026-04-25T00:00:00Z,2026-04-26T08:00:00Z,1.4833333333333334,110.33333333333333,5,QWMLW,"D0391/26 NOTAMN  Q) WBFC/QWMLW/IV/BO /AE/000/999/0129N11020E005  A) WBGG B) 2604250000 C) 2604260800   D) 0000-0800  E) SMALL SCALE ROCKET LAUNCHING ACT WILL TAKE PLACE WI 0.5NM RADIUS   OF COORD 013747.61N 1101129.73E(POLITEKNIK KUCHING,SARAWAK)  F) GND                             G) 330FT AGL    CREATED: 14 APR 2026 04:18  SOURCE: WMKKYNYM"
Malaysia (Peninsular),107699384640811170,A1292/2026,WMFC,2026-04-19T11:00:00Z,2026-05-08T23:00:00Z,2.216666666666667,102.45,1,QWELW,A1292/26 NOTAMN  Q) WMFC/QWELW/IV/BO /AW/000/005/0213N10227E001  A) WMKM B) 2604191100 C) 2605082300   D) 1100-2300  E) SMALL SCALE ROCKET FRNG WILL TAKE PLACE WI 0.5 RADIUS OF     021342.40N 1022732.70E     (UNIVERSITI TEKNOLOGI MARA JASIN)  F) SFC                             G) 492FT AGL    CREATED: 14 APR 2026 06:59  SOURCE: WMKKYNYM
Malaysia (Peninsular),107699383835504802,A1244/2026,WMFC,2026-04-19T11:00:00Z,2026-05-09T23:00:00Z,2.3,102.3,1,QWMLW,"A1244/26 NOTAMN  Q) WMFC/QWMLW/IV/BO /AW/000/006/0218N10218E001  A) WMKM B) 2604191100 C) 2605092300   D) APR 19-26 30 MAY 1-3 7-9 1100-2300  E) SMALL SCALE ROCKET FIRING FOR RESEARCH WILL TAKE PLACE WI 0.5NM   RADIUS COORD 021824.7N 1021855.3E (UTEM, MELAKA) 500FT AGL  F) GND                             G) 500FT AGL    CREATED: 09 APR 2026 11:51  SOURCE: WMKKYNYM"
Cyprus,107699370530801730,A451/2026,LCCC,2026-04-07T07:33:00Z,2026-05-08T23:59:00Z,32.583333333333336,33.2,20,QRALW,"A0451/26 NOTAMR A0390/26  Q) LCCC/QRALW/IV/NBO/W /050/999/3235N03312E020  A) LCCC B) 2604070733 C) 2605082359  E) NAVIGATIONAL WARNING TO ALL CONCERNED:  MILITARY ACTIVITIES WILL TAKE PLACE IN AREA 20NM RADIUS OF:  323509N 0331213E / BRONZE AREA  THE AREA WILL BE ACTIVATED IN REAL TIME THROUGH FULL TACTICAL  COORDINATION BETWEEN THE USER AND NICOSIA ACC.  THE AREA INCLUDES LATERAL BUFFER ZONE.  PILOTS TO EXERCISE CAUTION, MONITOR THE EMERGENCY FREQUENCY AND  MAINTAIN CONTINUOUS RADIO CONTACT WITH NICOSIA ACC WHEN TRANSPASSING  THE AREA.  F) FL050 G) UNL    CREATED: 07 APR 2026 07:34  SOURCE: EUECYIYN"
Cyprus,107699370547578946,A452/2026,LCCC,2026-04-07T07:37:00Z,2026-05-08T23:59:00Z,32.7,34.0,18,QRALW,"A0452/26 NOTAMR A0375/26  Q) LCCC/QRALW/IV/NBO/W /050/999/3242N03400E018  A) LCCC B) 2604070737 C) 2605082359  E) NAVIGATIONAL WARNING TO ALL CONCERNED:  MILITARY ACTIVITIES WILL TAKE PLACE IN AREA:  325823N 0335215E - 325132N 0341554E - 322619N 0340732E -   323234N 0334517E - 325823N 0335215E / GOLD AREA  THE AREA WILL BE ACTIVATED IN REAL TIME THROUGH FULL TACTICAL  COORDINATION BETWEEN THE USER AND NICOSIA ACC.  THE AREA INCLUDES LATERAL BUFFER ZONE.  PILOTS TO EXERCISE CAUTION, MONITOR THE EMERGENCY FREQUENCY AND  MAINTAIN CONTINUOUS RADIO CONTACT WITH NICOSIA ACC OR TEL AVIV ACC  WHEN TRANSPASSING THE AREA.  F) FL050 G) UNL    CREATED: 07 APR 2026 07:38  SOURCE: EUECYIYN"
Cyprus,107699370564356162,A453/2026,LCCC,2026-04-07T07:44:00Z,2026-05-08T23:59:00Z,32.53333333333333,33.666666666666664,9,QRALW,"A0453/26 NOTAMR A0364/26  Q) LCCC/QRALW/IV/NBO/W /050/999/3232N03340E009  A) LCCC B) 2604070744 C) 2605082359  E) NAVIGATIONAL WARNING TO ALL CONCERNED:  MILITARY ACTIVITIES WILL TAKE PLACE IN AREA 9NM RADIUS OF:  323138N 0333941E / SILVER AREA  THE AREA WILL BE ACTIVATED IN REAL TIME THROUGH FULL TACTICAL  COORDINATION BETWEEN THE USER AND NICOSIA ACC.  THE AREA INCLUDES LATERAL BUFFER ZONE.  PILOTS TO EXERCISE CAUTION, MONITOR THE EMERGENCY FREQUENCY AND  MAINTAIN CONTINUOUS RADIO CONTACT WITH NICOSIA ACC OR TEL AVIV ACC  WHEN TRANSPASSING THE AREA.  F) FL050 G) UNL    CREATED: 07 APR 2026 07:44  SOURCE: EUECYIYN"
Cyprus,107699366151948354,A190/2026,LCCC,2026-02-13T07:14:00Z,2026-05-13T23:59:00Z,34.71666666666667,32.483333333333334,5,QWOXX,"A0190/26 NOTAMN  Q) LCCC/QWOXX/IV/M  /AW/000/999/3443N03229E005  A) LCPH B) 2602130714 C) 2605132359 EST  E) LASER INTERFERENCE  THERE ARE FREQUENT REPORTS OF LASER LIGHTS DIRECTED AT AIRCRAFT   MAINLY ON FINAL APPROACH.  CREWS SHALL BE VIGILANT TO SUCH EVENTS AND REPORT THEM TO ATC,   PASSING INFORMATION AS TO THE LOCATION, WHENEVER POSSIBLE  F) GND G) UNL    CREATED: 13 FEB 2026 07:14  SOURCE: EUECYIYN"
Democratic Republic of the Congo,107699363433867040,A28/2026,FZZA,2026-02-27T13:15:00Z,2026-05-27T23:59:00Z,,,,QARCA,A0028/26 NOTAMR A0152/25   Q) FZZA/QARCA/IV/BO/E/000/999  A) FZAZ  B) 2602271315  C) 2605272359  D) TOUS LES JOURS 24H  E) MISE EN OEUVRE DES ROUTES PREFEREES UTILISATEUR (UPR) AU SEIN DE LA   FIR KINSHASA TELLES QUE VALIDEES LORS DE L'ATELIER UPR 2025 LES   PAIRES DE VILLES CI-APRES DONT LES TRAJETS TRAVERSENT LA FIR KINSHASA   SONT DISPONIBLES POUR LE DEPOT DE PLAN DE VOL IFR A COMPTER DU 30   OCTOBRE 2025 AU 29 FEVRIER 2026:  1.DXXX-FZAA  -FIR ACCRA/FIR BRAZZAVILLE/FIR KINSHASA  -STATUT: ACCEPTE/DIRECTIONNEL  -REMARQUE :AUCUNE  2.DXXX-HKJK  DXXX GATKA DCT KIPSA DCT ILBAS DCT DEPAK DCT OKPET DCT NAKAT HKJK.  -FIR ACCRA/FIR KANO/FIR BRAZZAVILLE/FIR KINSHASA/FIR ENTEBE/FIR   NAIROBI  -STATUT : ACCEPTE/DIRECTIONNEL  -REMARQUE : AUCUNE   LES ROUTES DOIVENT ETRE INSCRITES DANS LES PLANTS DE VOLS   CONFORMEMENT AUX PROCEDURES DE COORDINATION ATS EN VIGUEUR)  F) SFC  G) UNL  CREATED: 01 MAR 2026 11:28  SOURCE: LSSNYNYX
Djibouti,107705960554004480,M31/2026,HAAA,2026-04-17T00:00:00Z,2026-06-16T23:59:00Z,11.533333333333333,43.15,5,QFAAH,"M0031/26 NOTAMN   Q) HAAA/QFAAH/IV/NBO/A/000/999/1132N04309E005   A) HDAM   B) 2604170000   C) 2606162359   E) AERODROME ALL UAS RESTRICTED FROM ENTERING AREA WITHIN THESE COORDINATES WITHOUT PRIOR COORDINATION WITH TOWER. EFFECTIVE FROM SURFACE TO UNLIMITED. 11.5416° N, 043.1433° E, 11.5426° N, 043.1433° E, 11.5420° N, 043.1465° E, 11.5467° N, 043.1465° E, 11.5464° N, 043.1778° E, 11.5443° N, 043.1800° E, 11.5391° N, 043.1819° E, 11.5388° N, 043.1550° E, 11.5414° N, 043.1538° E.  CREATED: 16 APR 2026 06:37  SOURCE:"
Turkey,107474053644012544,G5398/2013,LTAA,2013-12-13T14:04:00Z,,37.06666666666667,37.36666666666667,6,QRPCA,"G5398/13 NOTAMR G2810/13  Q) LTAA/QRPCA/IV/NBO/W /000/450/3704N03722E006  A) LTAA PART 1 OF 3 B) 1312131404 C) PERM  E) ASAGIDAKI KOORDINATLARDA HAVA SAVUNMA BOLGESI OLUSTURULMUSTUR.    SAHA 1 (GAZIANTEP):  YATAY LIMITLER: 370712N-0372046E, 370712N-0372048E,   370507N-0372906E, 370215N-0372635E, 370053N-0372330E,   370059N-0371832E, 370231N-0371449E  DIKEY LIMITLER: SFC-45000FT AMSL    BOLGE HER TURLU HAVA TRAFIGINE KAPATILMISTIR.    A)GAZIANTEP,LTAJ,HAVALIMANINA-HAVALIMANINDAN SEFER DUZENLEYEN   TRAFIKLER TARAFINDAN BU SAHA ICERISINDE UCUS DUZENLENMEYECEK,   UCUSLAR ASAGIDA ACIKLANAN DUZENLEMELERE UYGUN OLARAK YAPILACAKTIR:  1) AD 2 LTAJ STAR 1,STAR 2 VE STAR 3 SAYFALARINDA TANIMLANAN BOYAT   1D, BOYAT 1E, ADRES 1D VE ADRES 1E STAR USULLERI KULLANILMAYACAKTIR.  2) AD 2 LTAJ SID 1,SID 2 ,SID 3, SID 4 SAYFALARINDA TANIMLANAN BOYAT   1A, BOYAT 1B, ADRES 1A, ADRES 1B, FIRAT 1B, SUGAT 1B VE NIZIP 1B SID   USULLERI KULLANILMAYACAKTIR.  3) AD 2 LTAJ STAR 1, STAR 3, IAC 1, IAC 2, IAC 4 VE IAC 5 ,IAC 6,   IAC 7, IAC 8 AIP SAYFALARINDA GAZ VOR/NDB/DME UZERINDEKI   BEKLEME USULU INBOUND UCUS BASI 098 DERECE, OUTBOUND UCUS BASI 278   DERECE OLACAK SEKILDE UYGULANACAKTIR.  4) AD 2 LTAJ STAR 1, STAR 2 VE STAR 3, IAC 1, IAC 2, IAC 4, IAC 5   ,IAC 6, IAC 7, IAC 8 SAYFALARINA   -CAUTION: DO NOT VIOLATE THE AIR DEFENSE ZONE- IFADESI EKLENECEKTIR.  5) AD 2 LTAJ IAC1, IAC 2, IAC 3, IAC 4, IAC 5, IAC 6, IAC 7, IAC 8   SAYFALARINA   -CAUTION:CIRCLING APPROACH NOT AUTHORISED NORTH OF AERODROME-   IFADESI EKLENECEKTIR.  END PART 1 OF 3  G5398/13 NOTAMR G2810/13  Q) LTAA/QRPCA/IV/NBO/W /000/450/3704N03722E006  A) LTAA PART 2 OF 3 B) 1312131404 C) PERM  E)   6) A/UA17 -L/UL605 YOLLARINDA BOYAT-GAZ VOR ARASI HER TURLU HAVA   TRAFIGINE KAPATILMISTIR. BU YOLLAR ILE GAZIANTEP   HAVALIMANINA-HAVALIMANINDAN SEFER DUZENLEYEN TRAFIKLER   POGEN-DCT-KOZAN ROTASINI KULLANACAKLARDIR. POGEN-DCT-KOZAN MNM FL110  7) B/UB36 VE M/UM854 YOLLARINDA ADRES-GAZ VOR ARASI HER TURLU HAVA   TRAFINE KAPATILMISTIR. BU YOLLAR ILE GAZIANTEP   HAVALIMANINA-HAVALIMANINDAN SEFER DUZENLEYEN TRAFIKLER   KEPES-DCT-POGEN-DCT-KOZAN ROTASINI KULLANACAKLARDIR. KEPES-DCT-POGEN   MNM FL150 VE POGEN-DCT-KOZAN MNM FL110  8) L/UL602 YOLU GAZ VOR-SULAK ARASI HER TURLU HAVA TRAFINE   KAPATILMISTIR. BU YOLLAR ILE GAZIANTEP HAVALIMANINA-HAVALIMANINDAN   SEFER DUZENLEYEN TRAFIKLER KOZAN-DCT-POGEN-DCT-SULAK ROTASINI   KULLANACAKLARDIR. KOZAN-DCT-POGEN MNM FL110 VE POGEN-DCT-SULAK MNM   FL150    B)A/UA17, L/UL605, M/UM854, B/UB36 VE L602/UL602 HAVA KORIDORLARINI   KULLANACAK TRANSIT TRAFIKLER HAVA SAVUNMA BOLGESINI IHLAL ETMEYECEK   VE KEPES-DCT-POGEN, POGEN-DCT-KOZAN, KOZAN-DCT-KILIS VE   POGEN-DCT-SULAK DIREKT ROTALARINI KULLANACAKLARDIR.    C)ZORUNLU HALLERDE ILGILI HAVA SAVUNMA BOLGELERI HAREKAT VE ALARM   REAKSIYON UCAKLARI ILE AMBULANS HAVA ARACLARI TARAFINDAN   KULLANILABILECEKTIR.    HAVA SAVUNMA BOLGESI ICERISINDE YAPILACAK AMBULANS UCUSLARI ASAGIDA   ACIKLANAN DUZENLEMELERE UYGUN OLARAK YAPILACAKTIR:  END PART 2 OF 3  G5398/13 NOTAMR G2810/13  Q) LTAA/QRPCA/IV/NBO/W /000/450/3704N03722E006  A) LTAA PART 3 OF 3 B) 1312131404 C) PERM  E)   -UCUS GUVENLIGININ SAGLANMASINA YONELIK OLARAK GAZIANTEP ATC UNITESI   TARAFINDAN 118.5, 120.1, 121.9, 362.3, 121.5, 243.0 MHZ FREKANSLARI   UZERINDEN YAPILACAK IKAZLARIN TAKIP EDILEBILMESI HAYATI ONEME HAIZ   OLUP, BU SEBEPLE HSB ICERISINDE UCUS DUZENLEMEKTE OLAN HAVA ARACININ   PILOTLARI TARAFINDAN SOZ KONUSU FREKANSLAR SUREKLI OLARAK TAKIP   EDILECEK VE TELSIZ ARIZASI OLAN HAVA ARACLARI ILE BU SAHADA UCUS   DUZENLENMEYECEKTIR,  -HSB ICERISINDE UCUS DUZENLEYECEK HAVA ARACLARININ TRANSPONDER I   MUTLAK SURETTE FAAL OLACAK, TRANSPONDER I OLMAYAN YA DA ARIZALI OLAN   HAVA ARACLARI ILE BU SAHA ICERISINDE UCUS DUZENLENMEYECEKTIR,  -HSB ICERISINDE UCMAKTA OLAN IFR TRAFIKLER, GAZIANTEP ATC UNITESI   TARAFINDAN VERILECEK -SAHAYI TERK ET- TALIMATI UZERINE, SAHAYI EN   KISA YOLDAN TERK EDECEKLERDIR. GAZIANTEP YAKLASMA KONTROL UNITESI   TARAFINDAN -SAHAYI TERK ET- TALIMATININ VERILMESI DURUMUNDA, BU   SAHANIN DISINDA UCMAKTA OLAN TRAFIKLER ISE KESINLIKLE BU SAHAYA   GIRMEYECEKLERDIR. GEREKLI DURUMLARDA KALKIS TRAFIKLERININ KALKISI   ERTELENEBILECEKTIR,  - -SAHAYI TERK ET- TALIMATI ALAN HAVA ARACININ PILOTLARI TARAFINDAN   UYGULANACAK MANEVRALARDA MANIALARLA VE DIGER TRAFIKLERLE AYIRMA   SORUMLULUGU HAVA ARACININ PILOTUNDA OLACAKTIR.  -HSB ICERISINDE UCUS DUZENLEMEYI PLANLAYAN AMBULANS HAVA ARACI   ISLETICILERI TARAFINDAN UYGULANACAK KACINMA USULLERI BELIRLENEREK,   PILOTRLARIN BILGILENDIRILMELERI SAGLANACAKTIR.    REF NOTAM: G2809/13  F) SFC G) 45000FT AMSL)  END PART 3 OF 3    CREATED: 07 JAN 2015 07:48  SOURCE: EUECYIYN    G5398/13 NOTAMR G2810/13  Q) LTAA/QRPCA/IV/NBO/W /000/450/3704N03722E006  A) LTAA PART 2 OF 3 B) 1312131404 C) PERM  E)   6) A/UA17 -L/UL605 YOLLARINDA BOYAT-GAZ VOR ARASI HER TURLU HAVA   TRAFIGINE KAPATILMISTIR. BU YOLLAR ILE GAZIANTEP   HAVALIMANINA-HAVALIMANINDAN SEFER DUZENLEYEN TRAFIKLER   POGEN-DCT-KOZAN ROTASINI KULLANACAKLARDIR. POGEN-DCT-KOZAN MNM FL110  7) B/UB36 VE M/UM854 YOLLARINDA ADRES-GAZ VOR ARASI HER TURLU HAVA   TRAFINE KAPATILMISTIR. BU YOLLAR ILE GAZIANTEP   HAVALIMANINA-HAVALIMANINDAN SEFER DUZENLEYEN TRAFIKLER   KEPES-DCT-POGEN-DCT-KOZAN ROTASINI KULLANACAKLARDIR. KEPES-DCT-POGEN   MNM FL150 VE POGEN-DCT-KOZAN MNM FL110  8) L/UL602 YOLU GAZ VOR-SULAK ARASI HER TURLU HAVA TRAFINE   KAPATILMISTIR. BU YOLLAR ILE GAZIANTEP HAVALIMANINA-HAVALIMANINDAN   SEFER DUZENLEYEN TRAFIKLER KOZAN-DCT-POGEN-DCT-SULAK ROTASINI   KULLANACAKLARDIR. KOZAN-DCT-POGEN MNM FL110 VE POGEN-DCT-SULAK MNM   FL150    B)A/UA17, L/UL605, M/UM854, B/UB36 VE L602/UL602 HAVA KORIDORLARINI   KULLANACAK TRANSIT TRAFIKLER HAVA SAVUNMA BOLGESINI IHLAL ETMEYECEK   VE KEPES-DCT-POGEN, POGEN-DCT-KOZAN, KOZAN-DCT-KILIS VE   POGEN-DCT-SULAK DIREKT ROTALARINI KULLANACAKLARDIR.    C)ZORUNLU HALLERDE ILGILI HAVA SAVUNMA BOLGELERI HAREKAT VE ALARM   REAKSIYON UCAKLARI ILE AMBULANS HAVA ARACLARI TARAFINDAN   KULLANILABILECEKTIR.    HAVA SAVUNMA BOLGESI ICERISINDE YAPILACAK AMBULANS UCUSLARI ASAGIDA   ACIKLANAN DUZENLEMELERE UYGUN OLARAK YAPILACAKTIR:  END PART 2 OF 3  CREATED: 07 JAN 2015 07:48  SOURCE: EUECYIYN    G5398/13 NOTAMR G2810/13  Q) LTAA/QRPCA/IV/NBO/W /000/450/3704N03722E006  A) LTAA PART 3 OF 3 B) 1312131404 C) PERM  E)   -UCUS GUVENLIGININ SAGLANMASINA YONELIK OLARAK GAZIANTEP ATC UNITESI   TARAFINDAN 118.5, 120.1, 121.9, 362.3, 121.5, 243.0 MHZ FREKANSLARI   UZERINDEN YAPILACAK IKAZLARIN TAKIP EDILEBILMESI HAYATI ONEME HAIZ   OLUP, BU SEBEPLE HSB ICERISINDE UCUS DUZENLEMEKTE OLAN HAVA ARACININ   PILOTLARI TARAFINDAN SOZ KONUSU FREKANSLAR SUREKLI OLARAK TAKIP   EDILECEK VE TELSIZ ARIZASI OLAN HAVA ARACLARI ILE BU SAHADA UCUS   DUZENLENMEYECEKTIR,  -HSB ICERISINDE UCUS DUZENLEYECEK HAVA ARACLARININ TRANSPONDER I   MUTLAK SURETTE FAAL OLACAK, TRANSPONDER I OLMAYAN YA DA ARIZALI OLAN   HAVA ARACLARI ILE BU SAHA ICERISINDE UCUS DUZENLENMEYECEKTIR,  -HSB ICERISINDE UCMAKTA OLAN IFR TRAFIKLER, GAZIANTEP ATC UNITESI   TARAFINDAN VERILECEK -SAHAYI TERK ET- TALIMATI UZERINE, SAHAYI EN   KISA YOLDAN TERK EDECEKLERDIR. GAZIANTEP YAKLASMA KONTROL UNITESI   TARAFINDAN -SAHAYI TERK ET- TALIMATININ VERILMESI DURUMUNDA, BU   SAHANIN DISINDA UCMAKTA OLAN TRAFIKLER ISE KESINLIKLE BU SAHAYA   GIRMEYECEKLERDIR. GEREKLI DURUMLARDA KALKIS TRAFIKLERININ KALKISI   ERTELENEBILECEKTIR,  - -SAHAYI TERK ET- TALIMATI ALAN HAVA ARACININ PILOTLARI TARAFINDAN   UYGULANACAK MANEVRALARDA MANIALARLA VE DIGER TRAFIKLERLE AYIRMA   SORUMLULUGU HAVA ARACININ PILOTUNDA OLACAKTIR.  -HSB ICERISINDE UCUS DUZENLEMEYI PLANLAYAN AMBULANS HAVA ARACI   ISLETICILERI TARAFINDAN UYGULANACAK KACINMA USULLERI BELIRLENEREK,   PILOTRLARIN BILGILENDIRILMELERI SAGLANACAKTIR.    REF NOTAM: G2809/13  F) SFC G) 45000FT AMSL)  END PART 3 OF 3  CREATED: 07 JAN 2015 07:48  SOURCE: EUECYIYN"
Turkey,107681869411503104,A5879/2025,LTAA,2025-12-25T07:42:00Z,2026-12-31T23:59:00Z,36.75,35.38333333333333,62,QANLC,"A5879/25 NOTAMR A5861/25  Q) LTAA/QANLC/I /NBO/E /110/450/3645N03523E062  A) LTAA B) 2512250742 C) 2612312359  E) SEE NOTAM: A5860/25  RNAV ROUTE AND SEGMENTS AFFECTED BECAUSE OF THE AIR DEFENCE ZONE AND  ALTERNATIVE ROUTES ARE GIVEN BELOW:  A)  AWY UL601 CLOSED TO TRAFFIC BTN SEGMENTS KEMER-ADA-TUNLA.  AWY L601 CLOSED TO TRAFFIC BTN SEGMENTS KEMER-ADA  VERTICAL LIMITS:FL110-FL450    FLIGHTS SHALL BE PLANNED AS BELOW:  KEMER DCT ADKAR (364733N0351152E) OR  KEMER DCT ADKAR (364733N0351152E) DCT TUNLA OR  KEMER DCT ADKAR (364733N0351152E) T/UT470 MILBA OR  KEMER DCT ADKAR (364733N0351152E) DCT HTY. (MIN FL280)  DCT RAD ADKAR-MILBA SHALL NOT BE USED.  B)   CIVIL TRAFFICS OPERATING TO/FROM LTAF, LTDB AND LTDA AIRPORTS ARE  EXEMPTED FROM THESE REGULATIONS AND SHOULD CONTINUE TO USE AWYS,  SIDS, STARS AND INSTRUMENT APPROACH PROCEDURES PUBLISHED AT TURKISH  AIP. INCIRLIK RAPCON WILL PROVIDE AIR TRAFFIC CONTROL SERVICES TO  CIVIL TRAFFIC WITHIN ADANA MIL TMA AND VECTOR AROUND ADZ.    CREATED: 25 DEC 2025 07:45  SOURCE: EUECYIYN"
Turkey,107474053610458112,G5396/2013,LTAA,2013-12-13T13:42:00Z,,37.55,36.93333333333333,6,QRPCA,"G5396/13 NOTAMR G2475/13  Q) LTAA/QRPCA/IV/NBO/W /000/450/3733N03656E006  A) LTAA PART 1 OF 2 B) 1312131342 C) PERM  E) ASAGIDAKI KOORDINATLARDA HAVA SAVUNMA BOLGESI OLUSTURULMUSTUR:  SAHA 1(KAHRAMANMARAS):  YATAY LIMITLER:373236N0364918E 373046N0365223E 373012N0365640E   373132N0370017E 373349N0370225E 373614N0365529E 373236N0364919E  DIKEY LIMITLER:SFC-45000FT AMSL  BOLGE KAHRAMANMARAS, LTCN, HAVALIMANINA SEFER DUZENLEYEN TRAFIKLER   HARIC HER TURLU HAVA TRAFIGINE KAPATILMISTIR.  KAHRAMANMARAS, LTCN, HAVALIMANINA SEFER DUZENLEYEN TRAFIKLER   TARAFINDAN BU SAHA ICERISINDE YAPILACAK UCUSLAR ASAGIDA ACIKLANAN   DUZENLEMELERE UYGUN OLARAK YAPILACAKTIR:  1-HAVA SAVUNMA BOLGESI (HSB) ICERISINDE AMBULANS HAVA ARACLARI   HAREKAT VE ALARM REAKSIYON UCAKLARI (QRA) VE YANGIN SONDURME AMACLI   UCUS GERCEKLESTIREN ORMAN GENEL MUDURLUGU ADINA UCUS YAPACAK HAVA   ARACLARI DISINDA VFR UCUS DUZENLENMEYECEKTIR.  2-UCUS GUVENLIGININ SAGLANMASINA YONELIK OLARAK KAHRAMANMARAS ATC   UNITESI TARAFINDAN 118.75, 120.6, 278.625, 121.5, 243.00 MHZ   FREKANSLARI UZERINDEN YAPILACAK IKAZLARIN TAKIP EDILEBILMESI HAYATI   ONEME HAIZ OLUP, BU SEBEPLE HSB ICERISINDE UCUS DUZENLEMEKTE OLAN   HAVA ARACININ PILOTLARI TARAFINDAN SOZ KONUSU FREKANSLAR SUREKLI   OLARAK TAKIP EDILECEK VE TELSIZ ARIZASI OLAN HAVA ARACLARI ILE BU   SAHADA UCUS DUZENLENMEYECEKTIR.  END PART 1 OF 2  G5396/13 NOTAMR G2475/13  Q) LTAA/QRPCA/IV/NBO/W /000/450/3733N03656E006  A) LTAA PART 2 OF 2 B) 1312131342 C) PERM  E)  3-HSB ICERISINDE UCUS DUZENLEYECEK HAVA ARACLARININ TRANSPONDER I   MUTLAK SURETTE FAAL OLACAK, TRANSPONDER OLMAYAN YA DA ARIZALI OLAN   HAVA ARACLARI ILE BU SAHA ICERISINDE UCUS DUZENLENMEYECEKTIR.  4-HSB ICERISINDE UCMAKTA OLAN IFR TRAFIKLER, KAHRAMANMARAS ATC   UNITESI TARAFINDAN VERILECEK &apos;SAHAYI TERK ET&apos; TALIMATI UZERINE,   SAHAYI EN KISA YOLDAN TERK EDECEKLER YA DA SON YAKLASMA ASAMASINA   GIRMISLER ISE EN KISA SUREDE INISLERINI GERCEKLESTIRECEKLERDIR.   KAHRAMANMARAS YAKLASMA KONTROL UNITESI TARAFINDAN &apos;SAHAYI TERK ET&apos;   TALIMATININ VERILMESI DURUMUNDA, BU SAHANIN DISINDA UCMAKTA OLAN   TRAFIKLER ISE KESINLIKLE BU SAHAYA GIRMEYECEKLERDIR. GEREKLI   DURUMLARDA KALKIS TRAFIKLERININ KALKISI ERTELENEBILECEKTIR.  5- &apos;SAHAYI TERK ET&apos; TALIMATI ALAN HAVA ARACININ PILOTLARI TARAFINDAN   UYGULANACAK MANEVRALARDA MANIALARLA VE DIGER TRAFIKLERLE AYIRMA   SORUMLULUGU HAVA ARACININ PILOTUNDA OLACAKTIR.  6-HSB ICERISINDE UCUS DUZENLEMEYI PLANLAYAN HAVA ARACI ISLETICILERI   TARAFINDAN UYGULANACAK KACINMA USULLERI BELIRLENEREK, PILOTLARIN   BILGILENDIRILILMELERI SAGLANACAKTIR.  NOT:ZORUNLU HALLERDE ILGILI HAVA SAVUNMA BOLGELERI HAREKAT VE ALARM   REAKSIYON UCAKLARI TARAFINDAN GEREKLI TEDBIRLER ALINARAK   KULLANILABILECEKTIR.  F) SFC G) 45000FT AMSL)  END PART 2 OF 2    CREATED: 07 JAN 2015 07:47  SOURCE: EUECYIYN    G5396/13 NOTAMR G2475/13  Q) LTAA/QRPCA/IV/NBO/W /000/450/3733N03656E006  A) LTAA PART 2 OF 2 B) 1312131342 C) PERM  E)  3-HSB ICERISINDE UCUS DUZENLEYECEK HAVA ARACLARININ TRANSPONDER I   MUTLAK SURETTE FAAL OLACAK, TRANSPONDER OLMAYAN YA DA ARIZALI OLAN   HAVA ARACLARI ILE BU SAHA ICERISINDE UCUS DUZENLENMEYECEKTIR.  4-HSB ICERISINDE UCMAKTA OLAN IFR TRAFIKLER, KAHRAMANMARAS ATC   UNITESI TARAFINDAN VERILECEK 'SAHAYI TERK ET' TALIMATI UZERINE,   SAHAYI EN KISA YOLDAN TERK EDECEKLER YA DA SON YAKLASMA ASAMASINA   GIRMISLER ISE EN KISA SUREDE INISLERINI GERCEKLESTIRECEKLERDIR.   KAHRAMANMARAS YAKLASMA KONTROL UNITESI TARAFINDAN 'SAHAYI TERK ET'   TALIMATININ VERILMESI DURUMUNDA, BU SAHANIN DISINDA UCMAKTA OLAN   TRAFIKLER ISE KESINLIKLE BU SAHAYA GIRMEYECEKLERDIR. GEREKLI   DURUMLARDA KALKIS TRAFIKLERININ KALKISI ERTELENEBILECEKTIR.  5- 'SAHAYI TERK ET' TALIMATI ALAN HAVA ARACININ PILOTLARI TARAFINDAN   UYGULANACAK MANEVRALARDA MANIALARLA VE DIGER TRAFIKLERLE AYIRMA   SORUMLULUGU HAVA ARACININ PILOTUNDA OLACAKTIR.  6-HSB ICERISINDE UCUS DUZENLEMEYI PLANLAYAN HAVA ARACI ISLETICILERI   TARAFINDAN UYGULANACAK KACINMA USULLERI BELIRLENEREK, PILOTLARIN   BILGILENDIRILILMELERI SAGLANACAKTIR.  NOT:ZORUNLU HALLERDE ILGILI HAVA SAVUNMA BOLGELERI HAREKAT VE ALARM   REAKSIYON UCAKLARI TARAFINDAN GEREKLI TEDBIRLER ALINARAK   KULLANILABILECEKTIR.  F) SFC G) 45000FT AMSL)  END PART 2 OF 2  CREATED: 07 JAN 2015 07:47  SOURCE: EUECYIYN"
Turkey,107699387643579392,A1471/2026,LTAA,2026-04-17T07:00:00Z,2026-04-24T13:00:00Z,36.416666666666664,35.61666666666667,39,QANLC,A1471/26 NOTAMN  Q) LTAA/QANLC/I /NBO/E /000/500/3625N03537E039  A) LTAA B) 2604170700 C) 2604241300  D) 17 24 0700-1300  E) SEE NOTAM: A1470/26  RNAV ROUTES AND SEGMENTS AFFECTED DURING TEST FLT AS FLW:  1. AWY UL601 ADA-TUNLA SEGMENT CLSD  VERTICAL LIMITS: SFC-50000FT AMSL    CREATED: 14 APR 2026 13:57  SOURCE: EUECYIYN
Turkey,107491615345855521,G3581/2014,LTBB,2014-07-24T14:40:00Z,,36.71666666666667,28.783333333333335,5,QPICH,"G3581/14 NOTAMR G1792/14  Q) LTBB/QPICH/I /NBO/A /000/999/3643N02847E005  A) LTBS B) 1407241440 C) PERM  E) MUGLA DALAMAN HAVALIMANI ICIN RNAV (GNSS) SIDS VE STARS USULLERI   ASAGIDAKI GIBIDIR.  UCUS PLANLARINDA PBN/D1-D2-O1-O2 TECHIZATLARINDAN BIRINI DOLDURAN   P-RNAV ONAYLI HAVA ARACLARI ICIN BU USULLER ZORUNLUDUR.  BU NEDENLE, LTBS HAVALIMANINA INIS/KALKIS YAPAN P-RNAV ONAYLI HAVA   ARACLARI,UCUS PLANLARI VEYA RPL'LERIN YOL KISMI ILE ILGILI   DEGISIKLIK MESAJLARINI (CHG) ASAGIDAKI GIBI SUNMALARI GEREKMEKTEDIR.  1-LTBS ICIN GNSS'E DAYALI RNAV STAR'LARI   SOTIV,MARIS,KEKIK,SONUP,NEXAM,ATSAL,RIVBU,ALTIN VE BIRPU OLARAK   TANIMLANAN   WAYPOINT/FIX'LERDEN BASLAMAKTADIR.BU WAYPOINT/FIX'LER P-RNAV ONAYLI   HAVA ARACLARI ICIN ASAGIDA GOSTERILDIGI GIBI UCUS PLANLANAN YOLLARIN   EN SON ELEMENTI OLACAKTIR.  -SONUP UZERINDEN LTBS'YE GELISLERDE PLANLANAN UCUS YOLU:  ORNEK:......W89 SONUP.  2-LTBS ICIN GNSS'E DAYALI RNAV SID'LERI   SOTIV,MARIS,KEKIK,RIVBU,ALTIN VE BIRPU OLARAK TANIMLANAN   WAYPOINT/FIX'LERDE SONLANMAKTADIR.  BU WAYPOINT/FIX'LER P-RNAV ONAYLI HAVA ARACLARI ICIN ASAGIDA   GOSTERILDIGI GIBI UCUS PLANLANAN YOLLARIN ILK ELEMENTI OLACAKTIR.  -KEKIK UZERINDEN LTBS KALKISLARINDA PLANLANAN UCUS YOLU  ORNEK:KEKIK N127...    CREATED: 07 JAN 2015 07:12  SOURCE: EUECYIYN"
Turkey,107681869126290432,A5862/2025,LTAA,2025-12-24T08:46:00Z,2026-12-31T23:59:00Z,36.983333333333334,35.5,55,QARLC,"A5862/25 NOTAMN  Q) LTAA/QARLC/IV/NBO/E /110/450/3659N03530E055  A) LTAA B) 2512240846 C) 2612312359  E) SEE NOTAM: A5860/25  ATS ROUTE AND SEGMENTS AFFECTED DURING THE AIR DEFENCE ZONE ARE   GIVEN BELOW.  A)   AWY W/UW75 CLSD TO TFC BTN SEGMENTS KEMER-ADA.  AWY W/UW74 CLSD TO TFC BTN SEGMENTS MANAZ-ADA-MILBA.  AWY W/UW84 CLSD TO TFC BTN SEGMENTS YAPZU-ADA.  AWY W/UW717 CLSD TO TFC.  VERTICAL LIMITS: FL110-FL450    FLIGHTS SHALL BE PLANNED AS BELOW:  AWY W/UW75  KEMER DCT ADKAR (364733N-0351152E) OR  KEMER DCT ADKAR (364733N-0351152E) DCT TUNLA OR  KEMER DCT ADKAR (364733N-0351152E) T/UT470 MILBA OR  KEMER DCT ADKAR (364733N-0351152E) DCT HTY  (MIN FL280)    AWY W/UW74  MANAZ DCT ADKAR (364733N-0351152E) OR  MANAZ DCT ADKAR (364733N-0351152E) T/UT470 MILBA OR  MANAZ DCT ADKAR (364733N-0351152E) DCT TUNLA OR  MANAZ DCT ADKAR (364733N-0351152E) DCT KEMER OR  MANAZ DCT ADKAR (364733N-0351152E) DCT HTY   MIN FL280)    AWY W/UW84  YAPZU DCT ADKAR (364733N-0351152E) OR  YAPZU DCT ADKAR (364733N-0351152E) T/UT470 MILBA OR  YAPZU DCT ADKAR (364733N-0351152E) DCT KEMER OR  YAPZU DCT ADKAR (364733N-0351152E) DCT HTY   (MIN FL280)    B)   CIVIL TRAFFICS OPERATING TO/FROM LTAF, LTDB AND LTDA AIRPORTS ARE  EXEMPTED FROM THESE REGULATIONS AND SHOULD CONTINUE TO USE AWYS,  SIDS, STARS AND INSTRUMENT APPROACH PROCEDURES PUBLISHED AT TURKISH  AIP. INCIRLIK RAPCON WILL PROVIDE AIR TRAFFIC CONTROL SERVICES TO  CIVIL TRAFFIC WITHIN ADANA MIL TMA AND VECTOR AROUND ADZ.    CREATED: 24 DEC 2025 08:48  SOURCE: EUECYIYN"
Turkey,107699382660746240,A1174/2026,LTAA,2026-03-27T14:45:00Z,2026-06-30T23:59:00Z,37.0,35.416666666666664,42,QRTLP,A1174/26 NOTAMN  Q) LTAA/QRTLP/IV/BO /W /000/999/3700N03525E042  A) LTAA B) 2603271445 C) 2606302359  E) RESTRICTED AREA WI ADANA MIL TMA:   373949N0353344E 370015N0352513E 363911N0344154E 363221N0344838E   362534N0350031E 362238N0350823E 362051N0351638E 362013N0352514E   362051N0353345E 362234N0354204E 362538N0354952E 362935N0355657E   363422N0360318E 364006N0360817E 364619N0361201E 365316N0361414E   370006N0361513E 370704N0361427E 371351N0361214E 372003N0360840E   372559N0360350E 373059N0355726E 373453N0354956E 373819N0354208E   374002N0353342E 373949N0353344E    VERTICAL LIMITS: SFC-70000FT AMSL  F) SFC G) UNL    CREATED: 27 MAR 2026 14:58  SOURCE: EUECYIYN
Turkey,107699383063399424,A1198/2026,LTAA,2026-03-30T10:20:00Z,2026-06-30T23:59:00Z,37.0,35.43333333333333,15,QRTLP,A1198/26 NOTAMN  Q) LTAA/QRTLP/IV/BO /W /000/999/3700N03526E015  A) LTAA B) 2603301020 C) 2606302359  E) RESTRICTED AREA:CENTERED ON 370006N0352532E WITH RADIUS 14 NM  WITHIN ADANA MILITARY TMA    VERTICAL LIMITS:SFC-80000FT AMSL  F) SFC G) UNL    CREATED: 30 MAR 2026 10:46  SOURCE: EUECYIYN
Turkey,107474053576903680,G5394/2013,LTAA,2013-12-13T13:35:00Z,,36.95,35.38333333333333,12,QRRCA,"G5394/13 NOTAMR G0553/13  Q) LTAA/QRRCA/IV/BO /W /000/110/3657N03523E012  A) LTAA B) 1312131335 C) PERM  E) ASAGIDAKI KOORDINATLARDA HAVA SAVUNMA BOLGESI OLUSTURULMUSTUR.  BOLGE   TUM SIVIL VFR TRAFIKLERE, HAVA TRAFIK UNITESI ILE IKI YOLLU TELSIZ   TEMASI BULUNMAYAN VE TRANSPONDER (IFF) YAYINI YAPMAYAN TUM   TRAFIKLERE KAPALIDIR.    SAHA 1 (ADANA):  YATAY LIMITLER:365852N-0351720E, 365846N-0352254E, 370023N-0352409E,   370015N-0353134E, 365745N-0353101E, 365527N-0352837E,   365424N-0352528E, 365358N-0352133E, 365257N-0351858E,   365257N-0351543E, 365345N-0351330E, 365852N-351722E    DIKEY LIMITLER:  SFC- 11000FT AMSL    LTAF VE LTDA HAVALIMANLARINA SEFER DUZENLEYECEK SIVIL TRAFIKLER   DUZENLEMEDEN ETKILENMEMEKTEDIR. TURKIYE AIP SINDEKI MEVCUT HAVA   KORIDORLARI, SID, STAR VE ALETLE ALCALMA USULLERI KULLANILMAYA DEVAM   EDILECEK OLUP INCIRLIK RAPCON TARAFINDAN ADANA MTMA ICERISINDEKI TUM   SIVIL HAVA TRAFIGINE HAVA SAVUNMA BOLGESINE GIRMEYECEK SEKILDE RADAR   VEKTORU SAGLANARAK HAVA TRAFIK KONTROL HIZMETI VERILECEKTIR.    NOT:ZORUNLU HALLERDE ILGILI HAVA SAVUNMA BOLGELERI HAREKAT VE ALARM   REAKSIYON UCAKLARI TARAFINDAN GEREKLI TEDBIRLER ALINARAK   KULLANILABILECEKTIR.  F) SFC G) 11000FT AMSL    CREATED: 07 JAN 2015 07:46  SOURCE: EUECYIYN"
Turkey,107491664268218103,G6497/2014,LTXX,2015-01-01T00:01:00Z,,39.016666666666666,35.4,465,QXXXX,"G6497/14 NOTAMN  Q) LTXX/QXXXX/IV/NBO/E /000/999/3901N03524E465  A) LTAA LTBB PART 1 OF 2 B) 1501010001 C) PERM  E) AIC B01/15 2015 YILI UCRET TARIFESINDE YAPILAN DEGISIKLIKLER   ASAGIDAKI GIBIDIR.  1-2015 YILI CALISMA RUHSATLARI TARIFESININ R MADDESINI ASAGIDAKI   SEKILDE DEGISTIRINIZ.  YESIL KURULUS VE ENGELSIZ KURULUS UNVANLARININ HER IKISINE DE SAHIP   OLANLARA,ILK INDIRIM TABLODAKI UCRETLER UZERINDEN,IKINCI INDIRIM ISE   ILK INDIRIMDEN SONRAKALAN TUTAR UZERINDEN YAPILIR.YESIL KURULUS VE   ENGELSIZ KURULUS INDIRIMLERI,UNVANIN VERILIS TARIHINDAN SONRAKI   CALISMA TEMDIT UCRETLERINE UYGULANIR VE GECERLI OLDUGU SUREYLER   SINIRLIDIR.  UNVANIN VERILIS TARIHINDEN ONCE TAKSITLENDIRILMIS OLAN TEMDIT   ODEMELERINDE VE ILK VERILIS UCRETLERINDE INDIRIM UYGULANMAZ.  2-2015 YILI OTOPARK TARIFESININ 2.MADDE TARIFE TABLOSU BOLUMUNUN,  I-A BENDININ NOT KISMINA ISTANBUL ATATURK HAVALIMANI KARGO TERMINALI   OTOPARKINDA ILK 15 DAKIKA ICIN UCRET ALINMAZ BILGISINI EKLEYINIZ.  II-C BENDININ NOT KISMINDAKI OTOPARKLARDA ILK 15 DAKIKANIN UZERINDE   PARK EDILMESI DURUMUNDA,ILK 15 DAKIKA PARK SURECINE DAHILDIR   BILGISINI IPTAL EDINIZ.  END PART 1 OF 2  G6497/14 NOTAMN  Q) LTXX/QXXXX/IV/NBO/E /000/999/3901N03524E465  A) LTAA LTBB PART 2 OF 2 B) 1501010001 C) PERM  E)   III-C BENDI NOT KISMINA OTOPARKTAN ZORUNLU GIRIS YAPILARAK TERMINALE   GECILEBILEN HAVALIMANLARINDA, SOZ KONUSU OTOPARKTA ILK 15 DAKIKA   UCRETSIZDIR BILGISINI EKLEYINIZ.  3-2015 YILI ULUSLARARASI KONMA VE KONAKLAMA TARIFESININ 3.MADDESI   UYGULAMA ESASLARI BOLUMU D MADDESI ASAGIDAKI SEKILDE YENIDEN   DUZENLENMISTIR.  ANKARA ESENBOGA,IZMIR ADNAN MENDERES,MUGLA DALAMAN VE MUGLA MILAS   BODRUM HAVALIMANLARINDA,INISINI 0001-0500 LMT SAATLERI ARASINDA   GERCEKLESTIREN HAVA ARACLARINA KONMA UCRETININ YUZDE 50 SI   UYGULANIR.INIS VE KALKISININ AYNI GUN ICINDE OLMASI   SARTIYLA,KALKISINI )  0001-0500 LMT SAATLERI ARASINDA GERCEKLESTIREN HAVA ARACLARINA   KONAKLAMA UCRETININ YUZDE 50 SI UYGULANIR.  REF AIC B01/15)  END PART 2 OF 2    CREATED: 07 JAN 2015 08:29  SOURCE: EUECYIYN    G6497/14 NOTAMN  Q) LTXX/QXXXX/IV/NBO/E /000/999/3901N03524E465  A) LTAA LTBB PART 2 OF 2 B) 1501010001 C) PERM  E)   III-C BENDI NOT KISMINA OTOPARKTAN ZORUNLU GIRIS YAPILARAK TERMINALE   GECILEBILEN HAVALIMANLARINDA, SOZ KONUSU OTOPARKTA ILK 15 DAKIKA   UCRETSIZDIR BILGISINI EKLEYINIZ.  3-2015 YILI ULUSLARARASI KONMA VE KONAKLAMA TARIFESININ 3.MADDESI   UYGULAMA ESASLARI BOLUMU D MADDESI ASAGIDAKI SEKILDE YENIDEN   DUZENLENMISTIR.  ANKARA ESENBOGA,IZMIR ADNAN MENDERES,MUGLA DALAMAN VE MUGLA MILAS   BODRUM HAVALIMANLARINDA,INISINI 0001-0500 LMT SAATLERI ARASINDA   GERCEKLESTIREN HAVA ARACLARINA KONMA UCRETININ YUZDE 50 SI   UYGULANIR.INIS VE KALKISININ AYNI GUN ICINDE OLMASI   SARTIYLA,KALKISINI )  0001-0500 LMT SAATLERI ARASINDA GERCEKLESTIREN HAVA ARACLARINA   KONAKLAMA UCRETININ YUZDE 50 SI UYGULANIR.  REF AIC B01/15)  END PART 2 OF 2  CREATED: 07 JAN 2015 08:29  SOURCE: EUECYIYN"
Turkey,107699379523406848,A987/2026,LTAA,2026-03-10T15:00:00Z,2026-06-10T20:59:00Z,38.35,37.8,15,QRTLP,A0987/26 NOTAMN  Q) LTAA/QRTLP/IV/BO /W /000/999/3821N03748E015  A) LTAA B) 2603101500 C) 2606102059  E) RESTRICTED AREA:CENTERED ON  382049N0374741E WITH RADIUS 14 NM  WITHIN MALATYA MILITARY TMA     AIRSPACE IS NOT DECONFLICTED FROM AIRSPACE.TURKIYE AIRSPACE IS   SOVEREIGN. USER IS RESPONSIBLE FOR OBTAINING CIVIL OR MILITARY   CLEARANCE TO ENTER AND OPERATE IN THIS AIRSPACE IN ACCORDANCE WITH   HOST NATION REGULATIONS. REFER TO SPINS FOR C2 DETAILS    VERTICAL LIMITS:SFC-80000FT AMSL  F) SFC G) UNL  CREATED: 10 MAR 2026 14:35  SOURCE: EUECYIYN
Turkey,107474053560126464,G5393/2013,LTAA,2013-12-13T13:33:00Z,,38.95,35.38333333333333,12,QRPCA,"G5393/13 NOTAMR G0552/13  Q) LTAA/QRPCA/IV/NBO/W /110/450/3857N03523E012  A) LTAA PART 1 OF 2 B) 1312131333 C) PERM  E) ASAGIDAKI KOORDINATLARDA HAVA SAVUNMA BOLGESI OLUSTURULMUSTUR.     BOLGE HER TURLU HAVA TRAFIGINE KAPATILMISTIR.    SAHA 1 (ADANA):  YATAY LIMITLER:365852N-0351720E, 365846N-0352254E, 370023N-0352409E,   370015N-0353134E, 365745N-0353101E, 365527N-0352837E,   365424N-0352528E, 365358N-0352133E, 365257N-0351858E,   365257N-0351543E, 365345N-0351330E, 365852N-351722E    DIKEY LIMITLER: 11000FT AMSL- 45000FT AMSL    A.)  W/UW75 VE L/UL601 YOLLARINDA  KEMER-ADA-TUNLA ARASI KAPALIDIR.     W/UW74 YOLUNDA  MANAZ-ADA-MILBA ARASI KAPALIDIR.     W/UW84 YOLUNDA  TARSU-ADA ARASI KAPALIDIR.     W/UW717 YOLU KAPALIDIR.    W/UW75 VE L/UL601 YOLLARINDA  KEMER DCT ADKAR (364733N-0351152E)  VEYA  KEMER DCT ADKAR (364733N-0351152E)  DCT TUNLA VEYA   KEMER DCT ADKAR (364733N-0351152E)  DCT MILBA  VEYA  KEMER DCT ADKAR (364733N-0351152E)  DCT HTY  VEYA  OLARAK UCUS PLANLANACAKTIR. (MIN FL280)  END PART 1 OF 2  G5393/13 NOTAMR G0552/13  Q) LTAA/QRPCA/IV/NBO/W /110/450/3857N03523E012  A) LTAA PART 2 OF 2 B) 1312131333 C) PERM  E)   W/UW74 YOLUNDA  MANAZ DCT ADKAR (364733N-0351152E)  VEYA  MANAZ DCT ADKAR (364733N-0351152E) DCT MILBA VEYA  MANAZ DCT  ADKAR (364733N-0351152E) DCT TUNLA  VEYA   MANAZ DCT  ADKAR (364733N-0351152E) DCT KEMER VEYA  MANAZ DCT  ADKAR (364733N-0351152E) DCT HTY  OLARAK UCUS   PLANLANACAKTIR.( MIN FL280)      W/UW84 YOLUNDA  TARSU DCT ADKAR (364733N-0351152E)  VEYA  TARSU DCT ADKAR (364733N-0351152E) DCT MILBA VEYA  TARSU DCT ADKAR (364733N-0351152E) DCT KEMER VEYA  TARSU DCT ADKAR (364733N-0351152E) DCT HTY   OLARAK UCUS PLANLANACAKTIR.( MIN FL280)      B.) LTAF VE LTDA HAVALIMANLARINA SEFER DUZENLEYECEK SIVIL TRAFIKLER     DUZENLEMEDEN ETKILENMEMEKTEDIR. TURKIYE AIP SINDEKI MEVCUT HAVA   KORIDORLARI, SID, STAR VE ALETLE ALCALMA USULLERI KULLANILMAYA DEVAM   EDILECEK OLUP INCIRLIK RAPCON TARAFINDAN ADANA MTMA ICERISINDEKI TUM   SIVIL HAVA TRAFIGINE HAVA SAVUNMA BOLGESINE GIRMEYECEK SEKILDE RADAR   VEKTORU SAGLANARAK HAVA TRAFIK KONTROL HIZMETI VERILECEKTIR.    NOT: ZORUNLU HALLERDE ILGILI HAVA SAVUNMA BOLGELERI HAREKAT VE ALARM   REAKSIYON UCAKLARI TARAFINDAN GEREKLI TEDBIRLER ALINARAK   KULLANILABILECEKTIR.  F) 11000FT AMSL G) 45000FT AMSL)  END PART 2 OF 2    CREATED: 07 JAN 2015 07:46  SOURCE: EUECYIYN    G5393/13 NOTAMR G0552/13  Q) LTAA/QRPCA/IV/NBO/W /110/450/3857N03523E012  A) LTAA PART 2 OF 2 B) 1312131333 C) PERM  E)   W/UW74 YOLUNDA  MANAZ DCT ADKAR (364733N-0351152E)  VEYA  MANAZ DCT ADKAR (364733N-0351152E) DCT MILBA VEYA  MANAZ DCT  ADKAR (364733N-0351152E) DCT TUNLA  VEYA   MANAZ DCT  ADKAR (364733N-0351152E) DCT KEMER VEYA  MANAZ DCT  ADKAR (364733N-0351152E) DCT HTY  OLARAK UCUS   PLANLANACAKTIR.( MIN FL280)      W/UW84 YOLUNDA  TARSU DCT ADKAR (364733N-0351152E)  VEYA  TARSU DCT ADKAR (364733N-0351152E) DCT MILBA VEYA  TARSU DCT ADKAR (364733N-0351152E) DCT KEMER VEYA  TARSU DCT ADKAR (364733N-0351152E) DCT HTY   OLARAK UCUS PLANLANACAKTIR.( MIN FL280)      B.) LTAF VE LTDA HAVALIMANLARINA SEFER DUZENLEYECEK SIVIL TRAFIKLER     DUZENLEMEDEN ETKILENMEMEKTEDIR. TURKIYE AIP SINDEKI MEVCUT HAVA   KORIDORLARI, SID, STAR VE ALETLE ALCALMA USULLERI KULLANILMAYA DEVAM   EDILECEK OLUP INCIRLIK RAPCON TARAFINDAN ADANA MTMA ICERISINDEKI TUM   SIVIL HAVA TRAFIGINE HAVA SAVUNMA BOLGESINE GIRMEYECEK SEKILDE RADAR   VEKTORU SAGLANARAK HAVA TRAFIK KONTROL HIZMETI VERILECEKTIR.    NOT: ZORUNLU HALLERDE ILGILI HAVA SAVUNMA BOLGELERI HAREKAT VE ALARM   REAKSIYON UCAKLARI TARAFINDAN GEREKLI TEDBIRLER ALINARAK   KULLANILABILECEKTIR.  F) 11000FT AMSL G) 45000FT AMSL)  END PART 2 OF 2  CREATED: 07 JAN 2015 07:46  SOURCE: EUECYIYN"
Turkey,107699382190984192,A1146/2026,LTAA,2026-03-26T12:15:00Z,2026-04-23T13:00:00Z,39.55,31.9,10,QWELW,A1146/26 NOTAMN  Q) LTAA/QWELW/IV/BO /W /000/999/3933N03154E010  A) LTAA B) 2603261215 C) 2604231300  D) MAR 26-APR 23 0600-0930 1030-1300 EXC SAT SUN  E) TEST FLIGHT WILL TAKE PLACE.  AREA:CENTERED ON 393325N0315406E WITH RADIUS 9.45 NM .  VERTICAL LIMITS:SFC-UNL  NOT 1:GPS SIGNALS MAY BE AFFECTED.  F) SFC G) UNL    CREATED: 26 MAR 2026 12:21  SOURCE: EUECYIYN
Egypt,107711468128145474,W628/2026,HECC,2026-04-15T07:25:00Z,2026-04-29T08:00:00Z,29.733333333333334,30.883333333333333,13,QRDCA,"W0628/26 NOTAMR W0600/26  Q) HECC/QRDCA/IV/BO/W/000/999/2944N03053E013  A) HECC B) 2604150725 C) 2604290800  D) 15 0725-1100 1900-2200  20 0255-0900 1900-2200   22 0255-0900  27 29 0255-0800  E) DANGER AREA HED23 IS ACT,  UPPER LIMIT RAISED TO UNL.  F) GND G) UNL    CREATED: 15 APR 2026 07:27  SOURCE: HECAYNYX"
United Kingdom,107710907987139319,V9/2026,EGXX,2026-02-20T13:38:00Z,,52.3,-14.85,,QROXX,V0009/26 NOTAMN  Q) EGXX/QROXX/IV/NBO/W /000/999/5218N01451W999  A) EGTT EGPX EGGX B) 2602201338 C) PERM  E) SECURITY - HAZARDOUS SITUATION IN LIBYA  UK REGISTERED AIR OPERATORS ARE RECOMMENDED NOT TO ENTER FIR  TRIPOLI (HLLL). POTENTIAL RISK FROM ANTI-AIRCRAFT WEAPONRY.  THIS SUPERSEDES THE ADVICE IN THE CURRENT UK AIP.  UK AIP ENR 1.1. PARA 1.4.5 REFERS.  F) SFC G) UNL  CREATED: 20 FEB 2026 13:52  SOURCE: EUECYIYN
United Kingdom,107710908054248183,V13/2026,EGXX,2026-03-17T14:52:00Z,2026-05-29T12:00:00Z,52.3,-14.85,,QROXX,V0013/26 NOTAMR V0011/26  Q) EGXX/QROXX/IV/NBO/W /000/999/5218N01451W999  A) EGTT EGPX EGGX B) 2603171452 C) 2605291200  E) SECURITY - HAZARDOUS SITUATION IN AFGHANISTAN. UK REGISTERED AIR   OPERATORS ARE ADVISED TO TAKE POTENTIAL RISK INTO ACCOUNT WITHIN FIR   KABUL (OAKX). POTENTIAL RISK FROM HEIGHTENED MILITARY ACTIVITY.   AR-2026-1616/01.  F) SFC G) UNL  CREATED: 17 MAR 2026 15:12  SOURCE: EUECYIYN
United Kingdom,107710907920030455,V5/2026,EGXX,2026-02-05T00:00:00Z,,52.3,-14.85,,QROXX,"V0005/26 NOTAMN  Q) EGXX/QROXX/IV/NBO/W /000/999/5218N01451W999  A) EGTT EGPX EGGX B) 2602050000 C) PERM  E) SECURITY - HAZARDOUS SITUATION IN THE DEMOCRATIC REPUBLIC OF THE  CONGO. UK REGISTERED AIR OPERATORS ARE RECOMMENDED NOT TO ENTER  FIR KINSHASA (FZZA) WITHIN 200NM OF THE EASTERN BOUNDARY, BETWEEN  THE 1ST PARALLEL NORTH AND THE 5TH PARALLEL SOUTH. POTENTIAL RISK  FROM ANTI-AIRCRAFT WEAPONRY. AR-2025-3565/03.  UK AIP ENR 1.1 PARA 1.4.5 REFERS.  F) SFC G) UNL    CREATED: 16 JAN 2026 12:26  SOURCE: EUECYIYN"
United Kingdom,107705448848824947,L2299/2026,EGTT,2026-04-27T15:00:00Z,2026-04-30T21:00:00Z,51.5,-0.1,1,QXXLW,L2299/26 NOTAMN  Q) EGTT/QXXLW/IV/BO /AW/000/999/5130N00006W001  A) EGLW B) 2604271500 C) 2604302100  D) 1500-2100  E) SEARCHLIGHT DISPLAY WI 0.1NM RADIUS OF 513012N 0000606W (NORTH  SOUTHWARK).  FOR INFO 07491658899. AR-2026-2993/01.  F) SFC G) UNL    CREATED: 16 APR 2026 11:50  SOURCE: EUECYIYN
United Kingdom,107699383314815603,A1213/2026,EGTT,2026-03-27T19:15:00Z,2026-04-30T23:59:00Z,51.56666666666667,0.7,5,QIDXX,A1213/26 NOTAMN  Q) EGTT/QIDXX/I /NBO/A /000/999/5134N00042E005  A) EGMC B) 2603271915 C) 2604302359  E) DME ASSOCIATED WITH ILS RWY 23 UNRELIABLE. DME RANGE ERRORS OF UP   TO 0.2NM MAY BE OBSERVED BETWEEN THRESHOLD AND 1NM. DME UNLOCKS AND   ERRORS OF +/- 0.2NM MAY BE OBSERVED OUTSIDE OF 20NM WHEN BELOW A   HEIGHT OF 2000FT    CREATED: 27 MAR 2026 19:15  SOURCE: EUECYIYN
Morocco,107699367242314124,A255/2026,GMMM,2026-04-21T00:00:00Z,2026-04-23T20:00:00Z,33.083333333333336,-4.1,5,QWMLW,"A0255/26 NOTAMN  Q) GMMM/QWMLW/IV/BO/W/000/999/3305N00406W005  A) GMMM  B) 2604210000 C) 2604232000  D) 21 0000-2359, 22 23 0600-2000  E) SHOOTING ACTIVITY WILL TAKE PLACE IN ZONE (BOUDHAR/MISSOUR)  DELIMITED BY FOLLOWING POINTS:  A: 330501N 0040151W;  B: 330237N 0040247W;  C: 330400N 0040703W;  D: 330657N 0041013W;  E: 330853N 0040723W;  A: 330501N 0040151W.  F) GND G) UNL    CREATED: 14 APR 2026 10:02  SOURCE: GMMMYNYX"
Venezuela,107681779116758828,A497/2025,SVZM,2025-09-19T23:59:00Z,,8.2,-66.58333333333333,5,QRRCH,"A0497/25 NOTAMN  Q) SVZM/QRRCH/I/B/AW/000/999/0812N06635W005  A) SVZM  B) 2509192359 C) PERM  E) AMEND AIP VENEZUELA PART ENR 5.1 PROHIBITED AREA, RESTRICTED   AND DANGEROUS PART ZONE RESTRICTED SVR2532 CARACAS METROPOLITAN  AREA  WHERE IT SAY: BDRY UPPER/LOWER GND/12000FT   SHOULD SAY:  BDRY UPPER/ LOWER GND/UNL  F) SFC G) UNL    CREATED: 20 SEP 2025 00:12  SOURCE: SVMIYNYX"
Netherlands Antilles,107699366437434437,A207/2026,TNCF,2026-04-02T15:00:00Z,2026-04-30T16:00:00Z,12.183333333333334,-68.95,5,QWHLW,"A0207/26 NOTAMN  Q) TNCF/QWHLW/IV/M/AW/000/999/1211N06857W005  A) TNCC  B) 2604021500 C) 2604301600  D) 02 09 16 23 30 1500-1600 UTC  E) AS INDICATED IN AIP SUP 10/20, BLASTING ACT WILL TAKE PLACE  NEAR THE SOUTH WEST AREA OF THE AD, BTN 1500 AND 1600 HOURS UTC.   30 MIN BEFORE BLASTING, CONTRACTOR WILL COORDINATE WITH  CAP OPS AND ATC. AFTER BLASTING HAS TAKEN PLACE AND ALL IS  CLR, RESUME NORMAL OPERATION. FOR ADDN INFO PLEASE CTC   CAP OPS AT +5999 8391030.  F) SFC G) UNL    CREATED: 30 MAR 2026 19:29  SOURCE: TNCCYNYX"
Netherlands,107699373567253504,A632/2026,EHAA,2026-04-25T16:00:00Z,2026-04-26T22:10:00Z,52.016666666666666,4.366666666666666,1,QWOLW,"A0632/26 NOTAMN  Q) EHAA/QWOLW/IV/M  /AW/000/999/5201N00422E001  A) EHRD B) 2604251600 C) 2604262210  D) 1600-2210  E) LASERSHOW AT DELFT, PSN 520042N 0042133E.  F) GND G) UNL    CREATED: 12 MAR 2026 13:54  SOURCE: EUECYIYN"
France,107708726596965409,R1060/2026,LFBB,2026-04-23T08:00:00Z,2027-03-25T20:00:00Z,44.916666666666664,0.8333333333333334,77,QRTTT,R1060/26 NOTAMN  Q) LFBB/QRTTT/IV/BO /W /165/999/4455N00050E077  A) LFBB B) 2604230800 C) 2703252000  E) TRIGGER NOTAM - AIP SUP 062/26.  CREATION OF 3 TEMPORARY RESTRICTED AREAS (&apos;ZRT&apos;) AT MEDIUM AND HIGH   ALTITUDE FOR THE TRAINING AREAS FOR NEW ARMAMENTS (&apos;ZENA&apos;) AND   ASSOCIATED FBZ.  THIS AIP SUP IS AVBL AT WWW.SIA.AVIATION-CIVILE.GOUV.FR  F) FL165 G) UNL    CREATED: 09 APR 2026 06:34  SOURCE: EUECYIYN
France,107691169542412023,R3154/2025,LFXX,2026-01-22T00:00:00Z,2027-01-21T23:59:00Z,45.85,-4.533333333333333,190,QRTTT,"R3154/25 NOTAMN  Q) LFXX/QRTTT/IV/BO /W /000/999/4551N00432W190  A) LFRR LFBB B) 2601220000 C) 2701212359  E) TRIGGER NOTAM - AIRAC AIP SUP 207/25 MODIFIED :  MISSILE FIRING IN THE ATLANTIC OCEAN REQUIRING THE CREATION OF 6   TEMPORARY RESTRICTED AREAS (&apos;ZRT&apos;), OF 16 TEMPORARY DANGEROUS AREAS   (&apos;ZDT&apos;) AND FLIGHT PLAN BUFFER ZONE (FBZ) ASSOCIATED.  THESE &apos;ZRT/ZDT&apos; ARE ACTIVATED BY NOTAM AT D-7.  -----------------------------------------------------------------  PAGE 8 : REPLACE LFDB21Z COORDINATES BY :  455421N 0013949W - 455643N 0013942W - 455237N 0011542W -   455136N 0011253W - 454929N 0011048W - 453516N 0010344W -   453127N 0010358W - 452845N 0011022W - 452848N 0014111W -   453113N 0014103W - 453110N 0015559W - 453117N 0015703W -   453136N 0015801W - 453207N 0015848W - 453246N 0015919W -   453330N 0015933W - 453415N 0015928W - 453848N 0015754W -   453930N 0020815W - 454128N 0025012W - 454139N 0025119W -   454203N 0025217W - 454239N 0025301W - 454323N 0025327W -   454410N 0025333W - 454714N 0025311W - 454756N 0025257W -   454833N 0025227W - 455904N 0024055W - 455942N 0023954W -   460001N 0023837W - 460136N 0022359W - 460134N 0022236W -   455421N 0013949W  ------------------------------------------------------------------  THIS AIP SUP IS AVBL AT WWW.SIA.AVIATION-CIVILE.GOUV.FR  F) SFC G) UNL    CREATED: 16 DEC 2025 16:04  SOURCE: EUECYIYN"
